epoch,t,x,u_ref,u_pred,phy_loss,data_loss,phys_eff,bc_loss,u_pred_grad,phy_loss_grad,bc_loss_grad,entk,phy_loss_hessian,bc_loss_hessian
0,0.36637,0.13814,-0.76240,0.12159,0.00000,0.78143,0.00000,0.54118,1.34882,0.26976,1.26722,1.81931,6.47425,18.48349
0,0.89690,0.99399,0.04718,0.00197,0.00515,0.00204,2.51841,0.54118,1.79088,0.76997,1.26722,3.20726,14.65788,18.48349
0,0.84585,0.87888,0.58162,0.01713,0.00406,0.31866,0.01274,0.54118,1.72151,0.71102,1.26722,2.96360,13.99988,18.48349
0,0.87087,0.42943,1.05712,0.07709,0.00034,0.96046,0.00035,0.54118,1.58928,0.47181,1.26722,2.52581,9.88800,18.48349
0,0.94194,0.99600,0.00895,0.00152,0.00494,0.00006,89.51799,0.54118,1.80812,0.76595,1.26722,3.26930,14.51312,18.48349
0,0.12513,0.10410,-0.25588,0.12881,0.00003,0.14799,0.00020,0.54118,1.29812,0.21929,1.26722,1.68512,5.76952,18.48349
0,0.52753,0.22122,-0.49459,0.10848,0.00004,0.36370,0.00011,0.54118,1.40899,0.32981,1.26722,1.98525,7.49830,18.48349
0,0.63163,0.43443,-0.30090,0.07817,0.00072,0.14370,0.00500,0.54118,1.48626,0.44193,1.26722,2.20896,9.59261,18.48349
0,0.32232,0.96897,0.00372,0.00950,0.00775,0.00003,232.00879,0.54118,1.63939,0.82825,1.26722,2.68760,15.19685,18.48349
0,0.62062,0.02302,-0.19427,0.13501,0.00034,0.10843,0.00316,0.54118,1.44217,0.37832,1.26722,2.07985,7.73691,18.48349
0,0.93493,0.36937,0.87353,0.08481,0.00010,0.62207,0.00016,0.54118,1.61099,0.46860,1.26722,2.59529,9.85210,18.48349
0,0.71972,0.28729,-0.31194,0.09767,0.00006,0.16779,0.00036,0.54118,1.49599,0.39626,1.26722,2.23799,8.20897,18.48349
0,0.65365,0.90791,0.18182,0.01451,0.00533,0.02799,0.19023,0.54118,1.67200,0.74923,1.26722,2.79560,13.98062,18.48349
0,0.45646,0.09910,-0.07767,0.12612,0.00003,0.04153,0.00071,0.54118,1.37562,0.29623,1.26722,1.89233,6.80766,18.48349
0,0.54054,0.39139,-1.16856,0.08484,0.00063,1.57101,0.00040,0.54118,1.44277,0.40912,1.26722,2.08160,8.91421,18.48349
0,0.70170,0.68168,-0.11924,0.04410,0.00252,0.02668,0.09461,0.54118,1.58952,0.59928,1.26722,2.52658,12.32624,18.48349
0,0.39139,0.66366,-1.08086,0.04900,0.00348,1.27659,0.00272,0.54118,1.49407,0.61334,1.26722,2.23223,11.79506,18.48349
0,0.25025,0.41942,-0.42562,0.08366,0.00143,0.25937,0.00550,0.54118,1.37673,0.43308,1.26722,1.89538,8.90123,18.48349
0,0.97097,0.34434,0.52274,0.08796,0.00004,0.18904,0.00022,0.54118,1.62630,0.47353,1.26722,2.64485,10.05144,18.48349
0,0.36937,0.21622,-0.63212,0.11068,0.00012,0.55175,0.00021,0.54118,1.35729,0.29436,1.26722,1.84225,7.06230,18.48349
0,0.14314,0.68468,0.19182,0.04870,0.00469,0.02049,0.22872,0.54118,1.47392,0.66486,1.26722,2.17244,12.61368,18.48349
0,0.93994,0.01201,0.03968,0.13331,0.00071,0.00877,0.08138,0.54118,1.60294,0.50718,1.26722,2.56943,9.80349,18.48349
0,0.35235,0.49850,-0.59173,0.07180,0.00186,0.44027,0.00422,0.54118,1.42130,0.48808,1.26722,2.02010,10.12864,18.48349
0,0.40240,0.26827,-0.52264,0.10312,0.00025,0.39158,0.00063,0.54118,1.37427,0.32442,1.26722,1.88860,7.69225,18.48349
0,0.23423,0.36537,-0.36770,0.09129,0.00104,0.21067,0.00494,0.54118,1.35852,0.39009,1.26722,1.84557,8.30290,18.48349
0,0.00701,0.45846,0.74507,0.08087,0.00244,0.44116,0.00553,0.54118,1.37482,0.50439,1.26722,1.89013,9.88857,18.48349
0,0.62462,0.44645,-0.38712,0.07658,0.00080,0.21502,0.00374,0.54118,1.48657,0.44838,1.26722,2.20989,9.75862,18.48349
0,0.42643,0.36236,-0.67703,0.08986,0.00066,0.58811,0.00112,0.54118,1.40001,0.38370,1.26722,1.96003,8.53480,18.48349
0,0.27127,0.84084,-0.45509,0.02664,0.00624,0.23206,0.02691,0.54118,1.56305,0.75653,1.26722,2.44313,13.97399,18.48349
0,0.88388,0.26727,0.65989,0.09909,0.00000,0.31450,0.00000,0.54118,1.57316,0.44101,1.26722,2.47484,9.42985,18.48349
0,0.70671,0.17317,0.05178,0.11349,0.00002,0.00381,0.00492,0.54118,1.48031,0.38103,1.26722,2.19133,7.88780,18.48349
0,0.98699,0.27327,0.61783,0.09748,0.00000,0.27076,0.00001,0.54118,1.62776,0.47324,1.26722,2.64960,9.69546,18.48349
2000,0.05105,0.86587,0.24721,0.22946,1.73877,0.00032,5516.92529,0.07757,4.68688,84.43292,0.67942,21.96688,2825.35010,62.74198
2000,0.41542,0.05005,-0.29000,-0.22174,0.13160,0.00466,28.24426,0.07757,3.79542,129.28523,0.67942,14.40520,936.85760,62.74198
2000,0.03103,0.01301,0.09797,0.26291,0.28309,0.02720,10.40598,0.07757,4.35719,43.97322,0.67942,18.98510,355.33582,62.74198
2000,0.89089,0.14314,-0.11225,0.10147,0.00312,0.04568,0.06829,0.07757,5.06518,13.33475,0.67942,25.65601,208.94521,62.74198
2000,0.59960,0.14515,-0.74563,-0.30079,0.01625,0.19789,0.08213,0.07757,4.36382,43.09484,0.67942,19.04291,908.97620,62.74198
2000,0.68869,0.71872,-0.28478,-0.37739,0.61505,0.00858,71.70267,0.07757,4.58830,29.19954,0.67942,21.05255,310.56223,62.74198
2000,0.72472,0.59860,0.22990,-0.26524,0.27386,0.24517,1.11703,0.07757,4.72622,15.79189,0.67942,22.33718,227.97415,62.74198
2000,0.09710,0.65666,0.37015,0.48938,4.69053,0.01422,329.95834,0.07757,4.25950,166.22942,0.67942,18.14337,817.73505,62.74198
2000,0.20721,0.02503,0.09437,0.07152,0.00055,0.00052,1.05045,0.07757,3.82540,60.66038,0.67942,14.63370,312.12881,62.74198
2000,0.79780,0.74274,0.23034,-0.07701,0.33621,0.09447,3.55896,0.07757,4.86193,17.55593,0.67942,23.63836,234.96577,62.74198
2000,0.95495,0.77778,0.54458,0.27249,0.00000,0.07403,0.00007,0.07757,5.10131,12.50717,0.67942,26.02339,132.88506,62.74198
2000,0.56857,0.68869,-0.80651,-0.63838,0.51204,0.02827,18.11406,0.07757,4.19510,52.74214,0.67942,17.59887,317.45563,62.74198
2000,0.52553,0.79479,-0.80700,-0.45921,0.00203,0.12095,0.01682,0.07757,4.43674,35.28201,0.67942,19.68465,572.06244,62.74198
2000,0.70871,0.25125,-0.18611,-0.28987,0.06407,0.01077,5.95134,0.07757,4.54233,33.91119,0.67942,20.63280,398.47128,62.74198
2000,0.11311,0.90490,0.66758,0.39728,0.32876,0.07306,4.49992,0.07757,4.50738,140.63069,0.67942,20.31650,2405.10181,62.74198
2000,0.47848,0.36537,-1.32904,-0.63779,0.00037,0.47782,0.00077,0.07757,3.92178,42.04256,0.67942,15.38037,1142.91235,62.74198
2000,0.58258,0.74675,-0.63016,-0.55843,0.33026,0.00515,64.18403,0.07757,4.29911,54.00748,0.67942,18.48232,308.70551,62.74198
2000,0.36136,0.88388,0.23824,-0.12096,0.03236,0.12902,0.25083,0.07757,4.00967,62.48230,0.67942,16.07747,575.05640,62.74198
2000,0.21922,0.21221,0.28240,0.31581,0.11235,0.00112,100.64530,0.07757,3.95128,147.72659,0.67942,15.61263,1101.18494,62.74198
2000,0.85786,0.96697,0.24817,-0.03582,0.80453,0.08065,9.97591,0.07757,4.90274,19.50009,0.67942,24.03683,276.64478,62.74198
2000,0.93594,0.28328,0.72292,0.25967,0.02332,0.21461,0.10868,0.07757,5.14602,14.21821,0.67942,26.48155,159.04221,62.74198
2000,0.36937,0.71672,-0.73073,-0.26346,0.88961,0.21834,4.07452,0.07757,4.08841,89.26151,0.67942,16.71506,405.60062,62.74198
2000,0.11912,0.18519,0.04293,0.50853,0.12574,0.21678,0.58005,0.07757,4.07660,46.30682,0.67942,16.61865,386.96991,62.74198
2000,0.40641,0.82983,-0.12698,-0.20996,0.01365,0.00689,1.98206,0.07757,4.09574,64.44917,0.67942,16.77507,533.06348,62.74198
2000,0.58859,0.54054,-0.99084,-0.67982,0.66205,0.09673,6.84415,0.07757,4.17653,35.23426,0.67942,17.44337,365.56674,62.74198
2000,0.23123,0.67568,0.45828,0.22467,1.23748,0.05457,22.67523,0.07757,3.88316,72.79706,0.67942,15.07890,423.22668,62.74198
2000,0.08709,0.07708,-0.03394,0.31035,0.06334,0.11854,0.53431,0.07757,4.23962,34.49643,0.67942,17.97439,399.20566,62.74198
2000,0.62062,0.14815,-0.80206,-0.31647,0.01036,0.23579,0.04394,0.07757,4.36265,59.73377,0.67942,19.03267,578.15741,62.74198
2000,0.04104,0.48048,0.90276,0.89896,2.21322,0.00001,152979.12500,0.07757,4.02824,85.75108,0.67942,16.22674,1264.44714,62.74198
2000,0.43944,0.45045,-0.93146,-0.65611,0.03830,0.07581,0.50518,0.07757,3.95163,60.80622,0.67942,15.61538,1004.99268,62.74198
2000,0.07908,0.11912,0.11954,0.41404,0.24951,0.08673,2.87676,0.07757,4.18846,47.99073,0.67942,17.54319,314.05234,62.74198
2000,0.14715,0.53854,0.40013,0.40951,1.11039,0.00009,12643.36523,0.07757,4.17974,147.65829,0.67942,17.47019,1258.72754,62.74198
4000,0.81882,0.34434,0.44322,0.24086,0.00046,0.04095,0.01124,0.03179,6.41020,101.66196,0.60303,41.09070,569.33862,100.02657
4000,0.49149,0.70370,-0.53248,-0.79652,0.14899,0.06972,2.13718,0.03179,5.55162,52.80292,0.60303,30.82051,613.98352,100.02657
4000,0.94494,0.65566,0.91670,0.74916,0.32258,0.02807,11.49189,0.03179,6.03264,40.01938,0.60303,36.39270,699.18787,100.02657
4000,0.07908,0.99499,0.02654,-0.05345,0.91861,0.00640,143.56897,0.03179,5.63241,141.76700,0.60303,31.72399,1441.46155,100.02657
4000,0.87287,0.85686,0.78960,0.25665,0.21780,0.28404,0.76679,0.03179,5.95366,35.52705,0.60303,35.44605,587.17792,100.02657
4000,0.42843,0.53954,-0.94751,-0.89153,0.06772,0.00313,21.61395,0.03179,5.32108,76.16045,0.60303,28.31394,733.11279,100.02657
4000,0.05305,0.68068,0.88674,0.85305,2.03373,0.00113,1792.63098,0.03179,5.69090,223.41145,0.60303,32.38634,2641.36230,100.02657
4000,0.38438,0.24424,-0.55408,-0.49151,0.10930,0.00392,27.91585,0.03179,5.22208,45.78370,0.60303,27.27015,697.42395,100.02657
4000,0.65766,0.99900,0.00256,0.01337,0.03678,0.00012,314.73257,0.03179,5.93230,104.82005,0.60303,35.19220,932.82489,100.02657
4000,0.27427,0.43143,-0.45943,-0.22218,0.03004,0.05629,0.53364,0.03179,5.44757,80.39842,0.60303,29.67599,888.31927,100.02657
4000,0.06206,0.16416,0.46100,0.51426,0.63953,0.00284,225.49332,0.03179,5.34493,69.92355,0.60303,28.56825,1106.85229,100.02657
4000,0.48549,0.68569,-0.49342,-0.81418,0.10692,0.10289,1.03914,0.03179,5.52565,50.98729,0.60303,30.53282,532.39648,100.02657
4000,0.21722,0.42342,-0.08007,0.11703,0.10253,0.03885,2.63930,0.03179,5.62009,121.69147,0.60303,31.58541,1715.75366,100.02657
4000,0.93894,0.48649,0.92341,0.88935,0.21575,0.00116,185.98273,0.03179,5.91756,72.64103,0.60303,35.01748,918.80469,100.02657
4000,0.14414,0.15415,-0.12649,0.13493,1.84322,0.06834,26.97156,0.03179,5.36024,165.18980,0.60303,28.73214,988.16663,100.02657
4000,0.88689,0.66466,0.23902,0.62625,0.35835,0.14995,2.38978,0.03179,6.01270,52.36923,0.60303,36.15261,983.05634,100.02657
4000,0.33534,0.94494,0.08526,-0.03780,1.18620,0.01514,78.32874,0.03179,5.36021,53.85018,0.60303,28.73186,1370.70740,100.02657
4000,0.88589,0.44444,1.05177,0.72970,1.04662,0.10373,10.09024,0.03179,6.49398,95.49861,0.60303,42.17182,951.21979,100.02657
4000,0.98498,0.47147,0.82847,0.90144,0.01770,0.00532,3.32489,0.03179,5.95946,48.17290,0.60303,35.51513,605.27582,100.02657
4000,0.80280,0.74775,0.23536,0.27423,0.77275,0.00151,511.38980,0.03179,5.93605,84.16161,0.60303,35.23665,1051.94653,100.02657
4000,0.71371,0.24324,-0.13044,-0.13576,0.03791,0.00003,1337.71838,0.03179,5.74469,32.20773,0.60303,33.00147,743.17719,100.02657
4000,0.79379,0.51351,0.30974,0.21186,0.11719,0.00958,12.23341,0.03179,7.10965,30.53424,0.60303,50.54715,2501.68848,100.02657
4000,0.39039,0.76276,-0.44967,-0.38827,0.00586,0.00377,1.55457,0.03179,5.87069,25.53574,0.60303,34.46503,1698.35754,100.02657
4000,0.55155,0.06507,-0.09332,-0.11771,0.09313,0.00059,156.63893,0.03179,5.41582,67.22642,0.60303,29.33106,1177.09766,100.02657
4000,0.89189,0.22523,0.36615,0.34203,0.01193,0.00058,20.51392,0.03179,6.41949,80.59874,0.60303,41.20979,1006.66235,100.02657
4000,0.45145,0.15015,-0.27019,-0.37222,0.01771,0.01041,1.70116,0.03179,5.22130,64.29795,0.60303,27.26202,739.76074,100.02657
4000,0.89690,0.23023,0.42297,0.36919,0.00080,0.00289,0.27711,0.03179,6.50059,73.86493,0.60303,42.25771,1191.68030,100.02657
4000,0.94595,0.66867,0.90345,0.72942,0.28339,0.03029,9.35703,0.03179,6.04893,37.77375,0.60303,36.58958,701.24835,100.02657
4000,0.21622,0.89790,-0.25033,-0.00539,4.67742,0.06000,77.96294,0.03179,5.47200,136.88838,0.60303,29.94274,1468.69653,100.02657
4000,0.57457,0.42643,-0.74920,-0.77085,0.00939,0.00047,20.02923,0.03179,5.45032,35.65271,0.60303,29.70596,352.76352,100.02657
4000,0.25325,0.56657,0.34992,0.17535,0.00189,0.03048,0.06186,0.03179,5.43949,99.65474,0.60303,29.58809,1242.69055,100.02657
4000,0.11011,0.68869,0.31456,0.41564,6.91031,0.01022,676.31152,0.03179,5.32976,123.53420,0.60303,28.40635,1924.53821,100.02657
6000,0.27928,0.24224,-0.09009,-0.26583,0.00586,0.03089,0.18978,0.01817,6.00519,164.82785,0.45382,36.06227,1772.45142,108.80159
6000,0.08609,0.67668,0.50608,0.51741,0.56559,0.00013,4406.55566,0.01817,5.86968,182.98094,0.45382,34.45316,2780.67798,108.80159
6000,0.73774,0.75576,-0.08786,0.00546,0.14281,0.00871,16.39753,0.01817,6.28274,133.95352,0.45382,39.47279,1566.11475,108.80159
6000,0.91692,0.26326,0.67895,0.64621,0.20975,0.00107,195.69437,0.01817,6.66205,50.54831,0.45382,44.38286,2949.40576,108.80159
6000,0.28929,0.32132,-0.42196,-0.42857,0.06835,0.00004,1563.40027,0.01817,5.58248,98.70470,0.45382,31.16410,1669.01025,108.80159
6000,0.02803,0.14214,0.79737,0.72048,2.13728,0.00591,361.57040,0.01817,5.78311,191.83235,0.45382,33.44434,2531.27686,108.80159
6000,0.12212,0.58258,0.26618,0.32906,0.30971,0.00395,78.31697,0.01817,5.68855,218.66708,0.45382,32.35958,1441.04712,108.80159
6000,0.59860,0.80080,-0.24216,-0.53046,0.29222,0.08311,3.51596,0.01817,6.34979,86.01521,0.45382,40.31982,1234.67078,108.80159
6000,0.13814,0.81782,0.70613,0.49795,1.13277,0.04334,26.13773,0.01817,5.52748,155.61732,0.45382,30.55305,2314.78369,108.80159
6000,0.41942,0.86186,-0.15124,-0.28784,0.06875,0.01866,3.68480,0.01817,6.21409,29.87083,0.45382,38.61493,3923.38940,108.80159
6000,0.96296,0.31732,0.59363,0.87309,0.03128,0.07810,0.40048,0.01817,6.06948,83.51896,0.45382,36.83853,861.64380,108.80159
6000,0.49349,0.00501,0.01530,-0.04135,1.87092,0.00321,583.11615,0.01817,5.57344,42.12525,0.45382,31.06323,1312.53442,108.80159
6000,0.60260,0.27928,-0.46262,-0.56184,1.06563,0.00984,108.24321,0.01817,5.52446,63.17318,0.45382,30.51965,1368.59692,108.80159
6000,0.95896,0.71371,0.87013,0.70434,0.01800,0.02749,0.65495,0.01817,6.21259,46.31861,0.45382,38.59634,1981.05627,108.80159
6000,0.97297,0.95295,-0.07168,0.17572,0.02780,0.06121,0.45421,0.01817,6.63183,34.59185,0.45382,43.98117,2746.28345,108.80159
6000,0.15415,0.16416,-0.04820,0.09848,0.17056,0.02152,7.92730,0.01817,5.81827,93.91193,0.45382,33.85231,3065.64404,108.80159
6000,0.50951,0.32232,-1.22988,-0.97159,1.55169,0.06672,23.25757,0.01817,5.44773,159.16570,0.45382,29.67776,1342.46643,108.80159
6000,0.85786,0.00901,-0.03358,0.00844,0.16680,0.00177,94.46972,0.01817,5.85452,26.67172,0.45382,34.27535,473.84079,108.80159
6000,0.81481,0.57257,0.36284,0.43741,0.82046,0.00556,147.54945,0.01817,6.26139,115.85928,0.45382,39.20498,1028.67102,108.80159
6000,0.20020,0.46847,0.24576,0.25641,0.27695,0.00011,2439.99414,0.01817,5.97657,189.41463,0.45382,35.71940,3471.18604,108.80159
6000,0.82282,0.65566,0.27112,0.47161,0.55186,0.04020,13.72871,0.01817,5.88563,68.27640,0.45382,34.64070,1759.42468,108.80159
6000,0.85185,0.65966,0.14486,0.53985,0.25463,0.15602,1.63206,0.01817,5.87300,60.28466,0.45382,34.49208,1155.87048,108.80159
6000,0.63463,0.01201,-0.09801,-0.09782,2.21489,0.00000,61030156.00000,0.01817,5.85965,147.68326,0.45382,34.33554,2023.04480,108.80159
6000,0.27127,0.22823,0.02868,-0.15418,0.27162,0.03344,8.12261,0.01817,6.16391,62.97571,0.45382,37.99382,4536.77393,108.80159
6000,0.05606,0.37037,0.78136,0.76545,0.45478,0.00025,1795.58264,0.01817,5.76392,55.94478,0.45382,33.22281,3869.60571,108.80159
6000,0.16917,0.38639,0.67569,0.63886,0.00250,0.00136,1.84410,0.01817,6.50144,157.48961,0.45382,42.26875,4214.15576,108.80159
6000,0.35536,0.47748,-0.49018,-0.60540,0.18065,0.01328,13.60643,0.01817,5.75575,113.12133,0.45382,33.12862,2242.48877,108.80159
6000,0.78278,0.78378,-0.01142,0.19777,0.71768,0.04376,16.39878,0.01817,6.24912,48.68417,0.45382,39.05149,3335.44141,108.80159
6000,0.03504,0.07407,0.48042,0.44403,2.90792,0.00132,2195.81030,0.01817,5.98725,227.17557,0.45382,35.84716,2674.89795,108.80159
6000,0.42242,0.75876,-0.58701,-0.66726,0.20773,0.00644,32.26048,0.01817,5.64916,112.06699,0.45382,31.91296,714.29285,108.80159
6000,0.61562,0.89389,0.22792,-0.21040,0.00625,0.19212,0.03254,0.01817,6.51357,74.75768,0.45382,42.42657,1882.32153,108.80159
6000,0.53353,0.58458,-0.65286,-0.90084,0.00374,0.06149,0.06076,0.01817,5.49450,18.67355,0.45382,30.18957,397.41553,108.80159
8000,0.05806,0.86687,0.32402,0.27200,0.03324,0.00271,12.28139,0.01499,6.27742,39.43357,0.44389,39.40599,4388.05225,113.58269
8000,0.24324,0.36236,-0.44807,-0.29758,0.33463,0.02265,14.77611,0.01499,5.81846,205.33781,0.44389,33.85443,2226.66357,113.58269
8000,0.11912,0.29730,0.86606,0.80398,0.00030,0.00385,0.07838,0.01499,6.14023,190.51155,0.44389,37.70239,2694.89014,113.58269
8000,0.32432,0.93894,0.01581,-0.16433,0.98152,0.03245,30.24683,0.01499,5.56959,68.30166,0.44389,31.02030,1687.80505,113.58269
8000,0.19419,0.68769,0.34456,0.23570,0.12416,0.01185,10.47707,0.01499,5.49235,109.52366,0.44389,30.16595,2486.18799,113.58269
8000,0.21121,0.12913,0.37549,0.20276,0.00827,0.02983,0.27721,0.01499,5.78986,149.82889,0.44389,33.52242,885.93872,113.58269
8000,0.67367,0.06507,-0.21788,-0.10878,0.07188,0.01190,6.03868,0.01499,5.61393,107.33683,0.44389,31.51619,2765.79077,113.58269
8000,0.39840,0.87187,0.10109,-0.11630,0.00004,0.04726,0.00086,0.01499,6.06341,164.63675,0.44389,36.76495,2246.45239,113.58269
8000,0.07608,0.40340,1.00411,0.94085,0.01402,0.00400,3.50193,0.01499,5.77064,157.18979,0.44389,33.30028,1931.75317,113.58269
8000,0.95295,0.86386,0.20928,0.33587,0.88524,0.01602,55.24681,0.01499,6.61444,92.26354,0.44389,43.75079,3107.22217,113.58269
8000,0.30430,0.22422,-0.18415,-0.36943,0.11505,0.03433,3.35137,0.01499,5.85638,202.08809,0.44389,34.29713,947.85986,113.58269
8000,0.91592,0.86286,0.61581,0.40752,0.57398,0.04338,13.23004,0.01499,6.06592,100.49317,0.44389,36.79537,1894.10291,113.58269
8000,0.25425,0.89890,-0.48324,-0.28988,0.52701,0.03739,14.09495,0.01499,5.43115,152.92606,0.44389,29.49737,1881.10693,113.58269
8000,0.25025,0.15616,0.46142,0.22062,0.02476,0.05798,0.42709,0.01499,5.76292,206.40332,0.44389,33.21130,1486.47205,113.58269
8000,0.25025,0.54454,0.26393,0.14437,0.14224,0.01430,9.94997,0.01499,6.08084,101.31425,0.44389,36.97659,3884.54443,113.58269
8000,0.91892,0.59159,0.63157,0.83631,0.15573,0.04192,3.71492,0.01499,6.07809,33.72903,0.44389,36.94321,3138.13672,113.58269
8000,0.28428,0.14815,0.21598,0.03975,0.05050,0.03106,1.62626,0.01499,6.14450,176.38893,0.44389,37.75486,2824.43921,113.58269
8000,0.24725,0.20320,0.28702,0.14414,0.00029,0.02041,0.01433,0.01499,5.99956,216.46652,0.44389,35.99475,1225.95105,113.58269
8000,0.44144,0.80881,-0.56066,-0.61894,0.07071,0.00340,20.81483,0.01499,5.87370,142.41879,0.44389,34.50032,971.42145,113.58269
8000,0.18819,0.75576,0.26226,0.18966,0.12580,0.00527,23.86721,0.01499,5.52306,216.34068,0.44389,30.50424,2519.54077,113.58269
8000,0.63063,0.92192,0.24589,-0.05603,0.88587,0.09115,9.71832,0.01499,6.02230,110.27380,0.44389,36.26814,1052.34607,113.58269
8000,0.24525,0.53954,0.26628,0.16097,0.09728,0.01109,8.77170,0.01499,6.06056,112.74494,0.44389,36.73037,4574.87354,113.58269
8000,0.18218,0.47447,0.43301,0.40845,0.27051,0.00060,448.34134,0.01499,5.91854,282.91968,0.44389,35.02914,1398.20789,113.58269
8000,0.71171,0.19119,0.05786,-0.08507,0.08796,0.02043,4.30593,0.01499,5.87820,19.44562,0.44389,34.55319,2848.49780,113.58269
8000,0.36136,0.99600,0.01558,-0.07392,1.00113,0.00801,124.96890,0.01499,5.65474,48.88139,0.44389,31.97603,1832.41577,113.58269
8000,0.10210,0.46747,0.96375,0.92219,0.47266,0.00173,273.68704,0.01499,5.79380,226.19652,0.44389,33.56816,1729.07117,113.58269
8000,0.26727,0.48649,-0.18485,-0.20201,0.60494,0.00029,2054.66431,0.01499,5.88662,153.47345,0.44389,34.65227,1213.68359,113.58269
8000,0.66567,0.78879,-0.18915,-0.27211,0.21087,0.00688,30.64158,0.01499,6.35626,109.17169,0.44389,40.40201,2630.34497,113.58269
8000,0.12312,0.27628,0.70778,0.66529,0.00399,0.00181,2.21075,0.01499,6.28117,117.60150,0.44389,39.45308,4358.54785,113.58269
8000,0.02603,0.82783,0.17894,0.19149,0.87513,0.00016,5551.38818,0.01499,6.21012,170.19380,0.44389,38.56564,4507.00537,113.58269
8000,0.24324,0.09910,0.47993,0.22175,0.02882,0.06666,0.43230,0.01499,5.70687,162.45691,0.44389,32.56831,1253.00842,113.58269
8000,0.56857,0.52052,-0.92610,-0.93494,0.05230,0.00008,669.65698,0.01499,5.58643,107.79816,0.44389,31.20825,1399.71094,113.58269
10000,0.09009,0.29329,0.83764,0.85727,1.10992,0.00039,2881.54126,0.01527,5.96248,192.04306,0.88497,35.55113,3740.63770,111.87589
10000,0.55956,0.27327,-0.71513,-0.64557,1.25819,0.00484,260.01221,0.01527,5.76364,180.29277,0.88497,33.21958,2014.06763,111.87589
10000,0.85986,0.76877,0.53141,0.55961,0.03315,0.00079,41.70283,0.01527,5.74841,37.75708,0.88497,33.04426,1920.91125,111.87589
10000,0.24424,0.25025,0.02403,0.05936,0.38898,0.00125,311.59967,0.01527,6.29677,76.35384,0.88497,39.64927,5218.17188,111.87589
10000,0.52052,0.72072,-0.60623,-0.66710,0.18462,0.00370,49.83500,0.01527,5.71673,35.59821,0.88497,32.68105,1097.08105,111.87589
10000,0.42342,0.39640,-0.67292,-0.77933,0.00580,0.01132,0.51198,0.01527,6.37539,109.18975,0.88497,40.64562,6664.47754,111.87589
10000,0.35536,0.14515,-0.69692,-0.54572,0.00140,0.02286,0.06103,0.01527,5.73710,196.75000,0.88497,32.91426,2273.96362,111.87589
10000,0.97497,0.18519,0.83682,0.63581,0.39385,0.04041,9.74717,0.01527,5.95105,106.21572,0.88497,35.41503,1622.77869,111.87589
10000,0.66967,0.71171,-0.48076,-0.42530,3.73656,0.00307,1215.14746,0.01527,6.56800,193.92213,0.88497,43.13861,3654.27979,111.87589
10000,0.05005,0.60260,1.04984,1.08580,0.68997,0.00129,533.61084,0.01527,6.31296,227.15398,0.88497,39.85347,2901.93628,111.87589
10000,0.92993,0.12713,0.25725,0.32122,1.03010,0.00409,251.66795,0.01527,6.49817,82.12115,0.88497,42.22616,4625.05127,111.87589
10000,0.91592,0.50050,0.86203,0.96655,0.00301,0.01092,0.27540,0.01527,5.90257,160.98358,0.88497,34.84032,1225.98572,111.87589
10000,0.55556,0.15616,-0.36247,-0.42340,0.43001,0.00371,115.83796,0.01527,6.05603,202.89917,0.88497,36.67554,3823.66870,111.87589
10000,0.59960,0.95195,0.10610,-0.01049,0.05726,0.01359,4.21282,0.01527,5.88801,85.20210,0.88497,34.66872,1834.21851,111.87589
10000,0.98498,0.88989,-0.11915,0.15834,0.01183,0.07700,0.15370,0.01527,6.65653,201.05812,0.88497,44.30934,2758.84375,111.87589
10000,0.02503,0.05105,0.39968,0.40730,1.66546,0.00006,28713.92969,0.01527,6.28968,235.09868,0.88497,39.56002,3347.43506,111.87589
10000,0.79279,0.91892,-0.13543,0.01400,1.64992,0.02233,73.89698,0.01527,6.08401,182.45074,0.88497,37.01517,1723.95264,111.87589
10000,0.80080,0.94595,-0.03800,0.01787,2.27525,0.00312,728.81671,0.01527,5.95331,190.41185,0.88497,35.44193,3043.70776,111.87589
10000,0.08108,0.28328,0.76980,0.79315,2.90901,0.00055,5336.29688,0.01527,5.85970,223.50951,0.88497,34.33605,2742.02490,111.87589
10000,0.55556,0.78178,-0.62868,-0.56883,1.77974,0.00358,496.89679,0.01527,5.93209,132.58469,0.88497,35.18972,2013.28223,111.87589
10000,0.03403,0.04805,0.33316,0.35065,3.66663,0.00031,11980.19824,0.01527,6.14845,250.78406,0.88497,37.80347,2566.41309,111.87589
10000,0.83083,0.73874,0.32448,0.49673,0.31750,0.02967,10.70040,0.01527,5.78693,58.05348,0.88497,33.48852,2181.20044,111.87589
10000,0.37237,0.28128,-0.34644,-0.43960,0.46243,0.00868,53.28730,0.01527,5.65412,57.21451,0.88497,31.96907,1721.87463,111.87589
10000,0.04304,0.78278,0.51369,0.55208,16.03817,0.00147,10884.79297,0.01527,5.97659,236.17709,0.88497,35.71965,3061.43433,111.87589
10000,0.34334,0.77778,-0.23607,-0.15326,0.51522,0.00686,75.14197,0.01527,5.87893,191.75664,0.88497,34.56181,1426.45044,111.87589
10000,0.41942,0.43043,-0.68539,-0.82691,0.08880,0.02003,4.43401,0.01527,6.10923,218.06680,0.88497,37.32267,3936.64966,111.87589
10000,0.72072,0.24424,-0.10021,-0.13705,0.01156,0.00136,8.51749,0.01527,6.12398,117.27404,0.88497,37.50319,3751.89307,111.87589
10000,0.50651,0.86987,-0.88950,-0.55088,0.23136,0.11466,2.01783,0.01527,5.89651,139.44969,0.88497,34.76883,2164.91309,111.87589
10000,0.52452,0.60060,-0.55025,-0.78812,0.14776,0.05658,2.61129,0.01527,5.74618,62.93636,0.88497,33.01861,1312.44824,111.87589
10000,0.31231,0.68268,-0.31869,-0.27451,0.00419,0.00195,2.14862,0.01527,6.27151,288.06174,0.88497,39.33182,3202.96118,111.87589
10000,0.44044,0.23924,-0.63057,-0.59437,0.34743,0.00131,265.04922,0.01527,5.65485,236.10677,0.88497,31.97738,3091.52686,111.87589
10000,0.97197,0.35736,0.51565,0.89656,0.19484,0.14509,1.34287,0.01527,5.74339,18.77185,0.88497,32.98650,523.16241,111.87589
12000,1.00000,0.36136,0.41397,0.78391,0.16413,0.13686,1.19929,0.00835,5.86644,44.47966,0.43269,34.41516,620.73993,115.19723
12000,0.68969,0.23123,-0.23929,-0.29432,0.18445,0.00303,60.90604,0.00835,5.76431,219.68495,0.43269,33.22727,2640.60327,115.19723
12000,0.59159,0.38138,-0.44856,-0.57317,0.00009,0.01553,0.00554,0.00835,6.36021,199.50575,0.43269,40.45232,2585.63379,115.19723
12000,0.07508,0.62763,0.66482,0.67218,0.04833,0.00005,893.00299,0.00835,6.67371,127.01144,0.43269,44.53844,6268.47412,115.19723
12000,0.64965,0.92893,0.18658,0.01641,0.19919,0.02896,6.87834,0.00835,5.77427,79.73211,0.43269,33.34219,1900.45911,115.19723
12000,0.38839,0.33534,-0.24951,-0.37884,0.04441,0.01673,2.65513,0.00835,5.72779,182.75063,0.43269,32.80761,2407.86743,115.19723
12000,0.21922,0.47548,0.08313,0.12045,0.07127,0.00139,51.16500,0.00835,6.18916,130.50209,0.43269,38.30572,4011.25586,115.19723
12000,0.45946,0.10811,-0.06612,-0.13780,0.00704,0.00514,1.37076,0.00835,6.00589,200.54811,0.43269,36.07076,1720.69800,115.19723
12000,0.70571,0.16016,0.06719,-0.03540,0.05695,0.01053,5.41039,0.00835,6.65118,116.29118,0.43269,44.23815,8005.96973,115.19723
12000,0.97497,0.00400,0.03276,0.02218,0.24507,0.00011,2187.86841,0.00835,6.63824,195.44006,0.43269,44.06628,2339.93872,115.19723
12000,0.58458,0.67367,-0.95262,-0.80864,0.07444,0.02073,3.59075,0.00835,6.02965,73.48392,0.43269,36.35670,5229.91357,115.19723
12000,0.53353,0.82182,-0.78037,-0.62633,0.04702,0.02373,1.98177,0.00835,5.82379,144.53877,0.43269,33.91651,3464.49097,115.19723
12000,0.11111,0.02002,-0.06881,0.03939,0.94198,0.01171,80.45279,0.00835,5.62935,56.17730,0.43269,31.68962,2278.79468,115.19723
12000,0.84384,0.70170,0.24598,0.42660,0.00465,0.03262,0.14240,0.00835,5.77403,54.45102,0.43269,33.33941,1511.80396,115.19723
12000,0.13213,0.78679,0.63832,0.56899,0.00198,0.00481,0.41281,0.00835,5.79230,113.31483,0.43269,33.55072,3144.62646,115.19723
12000,0.25926,0.16617,0.39387,0.30019,0.10772,0.00878,12.27393,0.00835,5.90359,234.80258,0.43269,34.85233,1256.00610,115.19723
12000,0.15716,0.51852,0.47024,0.46161,0.33087,0.00007,4448.56006,0.00835,5.80887,251.01707,0.43269,33.74295,1497.20959,115.19723
12000,0.07007,0.13514,0.27883,0.31688,0.13024,0.00145,89.97231,0.00835,6.19056,93.45910,0.43269,38.32298,3585.26465,115.19723
12000,0.58859,0.41542,-0.55287,-0.69209,0.04774,0.01938,2.46337,0.00835,6.64488,79.35397,0.43269,44.15446,7419.64600,115.19723
12000,0.99800,0.67167,1.27391,1.11465,0.00075,0.02536,0.02948,0.00835,6.56180,396.99548,0.43269,43.05729,4057.59009,115.19723
12000,0.12412,0.75976,0.54825,0.52144,0.01339,0.00072,18.62396,0.00835,5.82428,75.56108,0.43269,33.92228,3277.48511,115.19723
12000,0.79880,0.19920,0.27738,0.23775,0.00004,0.00157,0.02453,0.00835,5.62704,101.04760,0.43269,31.66361,3190.51099,115.19723
12000,0.94995,0.28529,0.67666,0.73884,0.00883,0.00387,2.28468,0.00835,5.83476,49.96249,0.43269,34.04448,1601.05273,115.19723
12000,0.76376,0.06907,0.37750,0.15167,0.03731,0.05100,0.73163,0.00835,5.68414,73.00548,0.43269,32.30943,1507.90088,115.19723
12000,0.70170,0.80681,-0.28482,-0.30316,0.13741,0.00034,408.50430,0.00835,5.79857,163.76340,0.43269,33.62339,2059.34668,115.19723
12000,0.03203,0.94094,-0.05346,-0.05471,0.08951,0.00000,57334.01172,0.00835,5.57740,142.34370,0.43269,31.10745,2619.14697,115.19723
12000,0.52553,0.87688,-0.77287,-0.57730,0.28739,0.03825,7.51414,0.00835,6.13999,207.54507,0.43269,37.69951,2204.40649,115.19723
12000,0.52853,0.94194,-0.42970,-0.34607,0.24993,0.00699,35.74106,0.00835,7.07229,126.30611,0.43269,50.01724,10323.03809,115.19723
12000,0.84585,0.07207,-0.16529,0.06932,0.15892,0.05504,2.88741,0.00835,5.74567,24.13836,0.43269,33.01273,632.52802,115.19723
12000,0.00200,0.32833,0.44207,0.52638,0.30454,0.00711,42.84303,0.00835,5.56457,159.17441,0.43269,30.96439,1412.52563,115.19723
12000,0.17918,0.78478,0.31330,0.27237,0.24272,0.00167,144.92146,0.00835,5.84545,250.83148,0.43269,34.16924,2648.67920,115.19723
12000,0.90090,0.84785,0.74850,0.61196,0.03607,0.01864,1.93497,0.00835,6.07471,320.43915,0.43269,36.90215,6283.77197,115.19723
14000,1.00000,0.47347,0.83293,0.89962,0.83866,0.00445,188.57912,0.00439,6.11401,85.27395,0.20138,37.38113,1785.24622,112.37075
14000,0.96797,0.87888,0.01777,0.14714,1.74069,0.01674,104.01061,0.00439,7.66071,297.26013,0.20138,58.68646,5848.80615,112.37075
14000,0.56456,0.29129,-0.71544,-0.69607,0.76398,0.00038,2035.81567,0.00439,5.88074,282.73569,0.20138,34.58305,1886.55762,112.37075
14000,0.53353,0.32132,-1.08765,-1.02742,1.91931,0.00363,529.00586,0.00439,6.51201,201.92441,0.20138,42.40628,6411.99512,112.37075
14000,0.43644,0.12212,-0.35821,-0.37970,0.00100,0.00046,2.15887,0.00439,6.35808,58.61200,0.20138,40.42514,7235.61816,112.37075
14000,0.69169,0.58959,-0.29667,-0.35920,0.04381,0.00391,11.20323,0.00439,7.71516,288.06088,0.20138,59.52363,8433.08496,112.37075
14000,0.32633,0.43443,-0.32670,-0.33836,0.15862,0.00014,1167.38672,0.00439,5.53116,102.72305,0.20138,30.59374,1908.00208,112.37075
14000,0.26627,0.58559,0.30530,0.24810,0.18803,0.00327,57.46461,0.00439,6.19376,212.98958,0.20138,38.36268,3691.51709,112.37075
14000,0.37137,0.01802,-0.15086,-0.12924,0.05234,0.00047,111.92022,0.00439,6.79188,185.20552,0.20138,46.12958,6609.35400,112.37075
14000,0.96797,0.37838,0.56293,0.76645,0.17163,0.04142,4.14378,0.00439,5.84173,54.20681,0.20138,34.12579,1012.61157,112.37075
14000,0.00901,0.49750,0.98305,0.99183,0.31659,0.00008,4105.68066,0.00439,6.12736,107.97252,0.20138,37.54456,4303.95703,112.37075
14000,0.19820,0.79179,0.12797,0.14922,2.16378,0.00045,4790.88135,0.00439,6.17556,269.02771,0.20138,38.13759,1668.23035,112.37075
14000,0.76176,0.21121,0.26950,0.21232,0.30457,0.00327,93.17545,0.00439,6.05376,314.84311,0.20138,36.64799,1446.17493,112.37075
14000,0.28729,0.53253,-0.11325,-0.14482,1.34374,0.00100,1347.92883,0.00439,6.05791,218.95180,0.20138,36.69822,2407.06665,112.37075
14000,0.81882,0.09409,0.04890,0.10225,0.02788,0.00285,9.79204,0.00439,5.79496,52.95838,0.20138,33.58157,885.74829,112.37075
14000,0.46747,0.06607,0.05063,-0.02576,0.04597,0.00584,7.87848,0.00439,5.50833,168.59399,0.20138,30.34174,2655.32202,112.37075
14000,0.89690,0.92492,0.53135,0.46912,0.14183,0.00387,36.62543,0.00439,8.13599,337.77393,0.20138,66.19431,11627.63574,112.37075
14000,0.27227,0.00400,0.01955,0.04500,0.55112,0.00065,851.21350,0.00439,5.85146,210.13834,0.20138,34.23959,2180.31616,112.37075
14000,0.55255,0.89790,-0.41688,-0.41906,0.00474,0.00000,993.86969,0.00439,7.32896,61.67150,0.20138,53.71368,13749.77441,112.37075
14000,0.50350,0.65365,-0.41940,-0.65360,0.14242,0.05485,2.59660,0.00439,5.59626,91.37350,0.20138,31.31812,2058.58789,112.37075
14000,0.77978,0.63664,0.53161,0.34049,0.00444,0.03652,0.12146,0.00439,5.52055,80.72192,0.20138,30.47644,2912.47705,112.37075
14000,0.45646,0.26727,-0.76609,-0.71476,0.54034,0.00263,205.10068,0.00439,5.91240,303.26300,0.20138,34.95643,2940.55054,112.37075
14000,0.96897,0.40440,0.60564,0.79859,0.19034,0.03723,5.11290,0.00439,5.87939,56.24523,0.20138,34.56726,1290.77124,112.37075
14000,0.76376,0.58258,0.48861,0.28523,0.01340,0.04136,0.32384,0.00439,5.72056,195.91661,0.20138,32.72477,4960.44531,112.37075
14000,0.26627,0.46046,-0.31994,-0.27544,0.14168,0.00198,71.56303,0.00439,5.77288,182.29158,0.20138,33.32617,1431.76672,112.37075
14000,0.31632,0.85586,-0.13057,-0.14029,0.08485,0.00009,898.01654,0.00439,6.12485,73.13815,0.20138,37.51385,5917.15283,112.37075
14000,0.32132,0.56757,-0.50609,-0.43288,2.36457,0.00536,441.20782,0.00439,6.54828,253.55408,0.20138,42.87999,4545.14697,112.37075
14000,0.90791,0.29229,0.83676,0.72518,0.01752,0.01245,1.40689,0.00439,6.03276,201.13576,0.20138,36.39416,3536.20288,112.37075
14000,0.50350,0.22222,-0.47228,-0.46008,0.58866,0.00015,3951.44019,0.00439,6.93174,174.16975,0.20138,48.04906,7325.35840,112.37075
14000,0.34134,0.65666,-0.78412,-0.71391,1.13771,0.00493,230.83395,0.00439,6.46637,267.65320,0.20138,41.81390,2980.73291,112.37075
14000,0.94194,0.57758,0.95269,0.96296,0.15487,0.00011,1469.64966,0.00439,6.72570,321.99881,0.20138,45.23504,2731.70361,112.37075
14000,0.92392,0.27728,0.73552,0.69748,0.02807,0.00145,19.39577,0.00439,5.89217,165.90250,0.20138,34.71769,3456.09814,112.37075
16000,0.12412,0.92793,0.55294,0.53559,0.01057,0.00030,35.10685,0.00357,6.27228,314.37671,0.13661,39.34151,1743.15271,115.48400
16000,0.23123,0.66266,0.49906,0.43519,0.01217,0.00408,2.98298,0.00357,5.57298,210.44754,0.13661,31.05813,2306.91406,115.48400
16000,0.21221,0.40541,-0.04508,-0.05174,0.00477,0.00004,107.52470,0.00357,6.49274,253.26775,0.13661,42.15567,3766.17358,115.48400
16000,0.24324,0.23724,0.10748,0.12111,0.32094,0.00019,1729.14197,0.00357,6.12322,156.25224,0.13661,37.49382,3691.37598,115.48400
16000,0.22823,0.95996,-0.18879,-0.13904,0.65928,0.00248,266.35431,0.00357,6.13115,201.46072,0.13661,37.59102,5302.12842,115.48400
16000,0.05806,0.93594,0.14660,0.08495,0.04474,0.00380,11.77218,0.00357,5.89498,220.14009,0.13661,34.75079,2562.34424,115.48400
16000,0.18519,0.06507,0.05919,0.00736,0.44128,0.00269,164.29208,0.00357,5.73809,171.90233,0.13661,32.92573,1532.49841,115.48400
16000,0.50551,0.77477,-0.80130,-0.68024,0.01735,0.01466,1.18395,0.00357,5.64334,23.76472,0.13661,31.84730,2430.11084,115.48400
16000,0.67467,0.20320,-0.35948,-0.38176,1.98779,0.00050,4004.83472,0.00357,5.89625,258.06534,0.13661,34.76572,4306.42480,115.48400
16000,0.78278,0.90891,-0.25157,-0.21593,0.00888,0.00127,6.99267,0.00357,6.31291,234.29134,0.13661,39.85278,3765.22461,115.48400
16000,0.95095,0.04805,0.23744,0.06313,0.08017,0.03038,2.63847,0.00357,6.43197,305.09348,0.13661,41.37022,1957.33154,115.48400
16000,0.87387,0.86987,0.77786,0.64232,0.03447,0.01837,1.87619,0.00357,5.61223,317.84268,0.13661,31.49708,7068.16943,115.48400
16000,0.40440,0.26426,-0.54300,-0.58058,0.01827,0.00141,12.93847,0.00357,5.61966,175.30516,0.13661,31.58057,2625.05200,115.48400
16000,0.13113,0.49750,0.69486,0.69180,0.00005,0.00001,5.66364,0.00357,6.38457,55.31826,0.13661,40.76272,5026.40186,115.48400
16000,0.29129,0.13614,0.14519,0.11554,0.21740,0.00088,247.33554,0.00357,6.25818,219.77467,0.13661,39.16479,2410.71484,115.48400
16000,0.81682,0.86186,0.22479,0.18438,0.00013,0.00163,0.07956,0.00357,7.87992,112.51891,0.13661,62.09317,11549.34570,115.48400
16000,0.13514,0.11411,-0.24754,-0.14237,0.33053,0.01106,29.88771,0.00357,5.60937,183.63889,0.13661,31.46507,1682.59338,115.48400
16000,0.27928,0.56156,0.07944,0.02064,0.07863,0.00346,22.74368,0.00357,6.41578,176.10741,0.13661,41.16219,5454.68994,115.48400
16000,0.74074,0.34635,-0.50682,-0.33270,0.51956,0.03032,17.13639,0.00357,5.57545,170.77696,0.13661,31.08559,3316.73608,115.48400
16000,0.93794,0.08509,0.24913,0.11944,0.00667,0.01682,0.39654,0.00357,6.68208,294.04517,0.13661,44.65019,2322.47852,115.48400
16000,0.72272,0.79680,-0.31634,-0.31205,0.02887,0.00002,1566.64954,0.00357,5.67824,201.84296,0.13661,32.24242,2556.39038,115.48400
16000,0.45546,0.99199,-0.04608,0.02194,0.10604,0.00463,22.91583,0.00357,6.27002,292.34491,0.13661,39.31317,5406.00879,115.48400
16000,0.28929,0.94695,-0.21085,-0.20705,0.50911,0.00001,35306.34766,0.00357,6.18775,162.25186,0.13661,38.28821,5431.64551,115.48400
16000,0.89289,0.38939,1.17818,0.99123,2.57768,0.03495,73.75323,0.00357,5.68179,216.32877,0.13661,32.28271,4388.70898,115.48400
16000,0.57658,0.22823,-0.62932,-0.65353,0.00036,0.00059,0.61277,0.00357,5.41602,211.39725,0.13661,29.33324,2587.88208,115.48400
16000,0.44244,0.79179,-0.60015,-0.63724,0.27041,0.00138,196.63309,0.00357,5.81411,181.55995,0.13661,33.80391,2184.12891,115.48400
16000,0.20120,0.74474,0.22806,0.22543,0.03288,0.00001,4741.74609,0.00357,5.68429,250.73778,0.13661,32.31112,2264.09570,115.48400
16000,0.75776,0.16316,0.45909,0.31095,5.47623,0.02195,249.54265,0.00357,5.68438,302.59079,0.13661,32.31220,3907.79932,115.48400
16000,0.77277,0.19119,0.36370,0.30766,5.35097,0.00314,1703.81128,0.00357,5.67660,298.06686,0.13661,32.22382,3917.41504,115.48400
16000,0.06306,0.06507,0.18210,0.18345,0.00697,0.00000,3813.01416,0.00357,5.92509,248.09264,0.13661,35.10672,1566.54321,115.48400
16000,0.21822,0.31131,-0.07840,-0.00304,0.79807,0.00568,140.50261,0.00357,6.32529,151.54649,0.13661,40.00928,4513.61963,115.48400
16000,0.46246,0.68669,-0.60017,-0.68279,0.05203,0.00683,7.62352,0.00357,5.66837,113.56544,0.13661,32.13042,2898.64478,115.48400
18000,0.87087,0.67968,0.19726,0.34689,0.35009,0.02239,15.63537,0.00334,5.67122,166.00412,0.09007,32.16272,3272.57861,113.63909
18000,0.63463,0.65065,-1.05056,-0.96398,0.43798,0.00750,58.42061,0.00334,5.90759,335.87607,0.09007,34.89962,4933.33398,113.63909
18000,0.17017,0.80080,0.40734,0.37200,0.27330,0.00125,218.84499,0.00334,5.99306,228.83893,0.09007,35.91682,4052.15625,113.63909
18000,0.90691,0.62863,0.41930,0.49357,0.42110,0.00552,76.33457,0.00334,6.93438,306.96014,0.09007,48.08560,2039.61902,113.63909
18000,0.00100,0.80280,0.27277,0.25868,0.10178,0.00020,512.59796,0.00334,6.65329,239.83267,0.09007,44.26628,4862.97607,113.63909
18000,0.10310,0.81281,0.74490,0.69485,0.28461,0.00250,113.63392,0.00334,5.49100,167.37656,0.09007,30.15113,2156.51294,113.63909
18000,0.97297,0.25826,0.67448,0.66909,0.00148,0.00003,50.99586,0.00334,5.61569,38.69896,0.09007,31.53593,2121.17627,113.63909
18000,0.05906,0.46146,0.90501,0.90995,0.02562,0.00002,1048.56738,0.00334,5.62066,221.44351,0.09007,31.59183,1542.94861,113.63909
18000,0.30230,0.04705,0.02312,0.04212,0.00859,0.00036,23.79428,0.00334,5.74318,267.02805,0.09007,32.98406,1589.98462,113.63909
18000,0.53353,0.44645,-1.17145,-1.12706,0.01238,0.00197,6.28074,0.00334,6.02978,212.06302,0.09007,36.35821,5966.33398,113.63909
18000,0.93093,0.89089,0.38549,0.37214,0.00304,0.00018,17.03133,0.00334,9.14817,53.46970,0.09007,83.68896,22011.83984,113.63909
18000,0.53654,0.35636,-1.17159,-1.13643,0.01707,0.00124,13.80618,0.00334,6.43181,296.41104,0.09007,41.36819,4058.42065,113.63909
18000,0.79980,0.16917,0.28935,0.27264,0.00414,0.00028,14.85170,0.00334,5.79371,146.51067,0.09007,33.56704,3133.20288,113.63909
18000,0.58559,0.21221,-0.65643,-0.63860,0.00479,0.00032,15.07459,0.00334,5.38511,209.54826,0.09007,28.99938,2491.49683,113.63909
18000,0.58058,0.83283,-0.24909,-0.33079,0.00999,0.00667,1.49615,0.00334,7.76228,135.94838,0.09007,60.25293,16536.50391,113.63909
18000,0.42242,0.00801,-0.04081,-0.06512,0.00220,0.00059,3.71506,0.00334,5.73603,313.20502,0.09007,32.90203,1717.26782,113.63909
18000,0.01401,0.89089,-0.12518,-0.09436,0.12109,0.00095,127.45824,0.00334,5.55733,210.40971,0.09007,30.88395,2312.73340,113.63909
18000,0.47948,0.14114,0.00059,-0.07486,0.36974,0.00569,64.96026,0.00334,5.81893,271.17038,0.09007,33.85989,2322.55322,113.63909
18000,0.64364,0.50951,-0.67253,-0.59574,0.00075,0.00590,0.12765,0.00334,6.61816,123.44305,0.09007,43.80004,8844.80273,113.63909
18000,0.75876,0.57758,0.45721,0.34253,0.49400,0.01315,37.56488,0.00334,5.68401,277.13617,0.09007,32.30801,6765.27539,113.63909
18000,0.06707,0.66967,0.73745,0.72822,0.03459,0.00009,406.57028,0.00334,6.37386,230.72017,0.09007,40.62604,4030.93970,113.63909
18000,0.00501,0.78178,0.43990,0.42904,0.08444,0.00012,715.78131,0.00334,6.91643,161.37328,0.09007,47.83693,5602.31201,113.63909
18000,0.97197,0.24525,0.70844,0.67204,0.00165,0.00133,1.24422,0.00334,5.61201,47.23711,0.09007,31.49470,2025.16882,113.63909
18000,0.10511,0.69670,0.37128,0.39529,0.49269,0.00058,855.13147,0.00334,5.84997,137.52556,0.09007,34.22220,4309.35938,113.63909
18000,0.77878,0.72272,0.26356,0.25513,0.10701,0.00007,1505.08032,0.00334,5.90682,231.83864,0.09007,34.89052,2313.85522,113.63909
18000,0.38238,0.42943,-0.34016,-0.42477,0.45689,0.00716,63.82959,0.00334,6.09805,219.80602,0.09007,37.18620,2710.01147,113.63909
18000,0.79680,0.20320,0.27935,0.29972,0.00157,0.00042,3.78708,0.00334,5.58714,207.37021,0.09007,31.21618,2633.40552,113.63909
18000,0.72773,0.74575,-0.07730,-0.18047,0.00022,0.01064,0.02045,0.00334,6.41213,230.64963,0.09007,41.11547,3993.38818,113.63909
18000,0.68268,0.92492,-0.04703,-0.03678,0.00477,0.00010,45.46432,0.00334,5.86758,159.08777,0.09007,34.42845,1977.26050,113.63909
18000,0.40741,0.35536,-0.41798,-0.45439,0.38034,0.00133,286.98306,0.00334,6.10680,260.57489,0.09007,37.29300,3051.62866,113.63909
18000,0.71872,0.62362,0.17248,0.12185,1.08479,0.00256,423.06177,0.00334,7.20442,402.11368,0.09007,51.90369,2167.27393,113.63909
18000,0.69770,0.20220,-0.11987,-0.19733,0.03203,0.00600,5.33857,0.00334,6.31251,301.11066,0.09007,39.84778,4000.16699,113.63909
20000,0.62062,0.59259,-1.15211,-1.04171,0.13244,0.01219,10.86635,0.00226,5.75338,232.69731,0.13004,33.10138,3704.76660,116.76173
20000,0.19319,0.41141,0.27199,0.27272,0.00704,0.00000,13204.42676,0.00226,6.92935,186.40311,0.13004,48.01594,5121.50781,116.76173
20000,0.57558,0.95295,-0.04103,-0.06655,0.06048,0.00065,92.83662,0.00226,5.93625,285.96835,0.13004,35.23906,7755.03467,116.76173
20000,0.53353,0.82182,-0.78037,-0.73001,0.19293,0.00254,76.06118,0.00226,5.83447,222.70801,0.13004,34.04106,6453.01465,116.76173
20000,0.23023,0.63664,0.54751,0.49762,0.20835,0.00249,83.71223,0.00226,5.54594,188.68895,0.13004,30.75741,2501.34277,116.76173
20000,0.66667,0.60761,-0.71575,-0.73285,0.22825,0.00029,781.01160,0.00226,7.72962,404.12289,0.13004,59.74709,6934.37598,116.76173
20000,0.64164,0.31932,-0.18119,-0.28347,0.01942,0.01046,1.85652,0.00226,5.51300,147.76892,0.13004,30.39320,3659.05200,116.76173
20000,0.10711,0.23524,0.44364,0.44031,0.35418,0.00001,32070.44531,0.00226,6.48630,165.96426,0.13004,42.07211,4651.34766,116.76173
20000,0.43443,0.69570,-0.77282,-0.75473,0.19916,0.00033,608.47308,0.00226,5.83358,246.50075,0.13004,34.03069,2794.86304,116.76173
20000,0.92993,0.86486,0.46641,0.48102,0.23004,0.00021,1078.32043,0.00226,8.91739,249.27757,0.13004,79.51984,19548.16406,116.76173
20000,0.94595,0.30631,0.70516,0.69032,0.00835,0.00022,37.87231,0.00226,5.89494,165.96037,0.13004,34.75038,3312.20288,116.76173
20000,0.59760,0.09309,-0.59120,-0.51972,0.10735,0.00511,21.00960,0.00226,6.16802,228.07863,0.13004,38.04445,3487.95874,116.76173
20000,0.07207,0.98098,0.08190,0.06379,0.25715,0.00033,784.19086,0.00226,5.89147,270.90427,0.13004,34.70944,3249.24341,116.76173
20000,0.93994,0.77578,0.59227,0.63486,0.54814,0.00181,302.24142,0.00226,5.98457,404.55588,0.13004,35.81511,6781.93555,116.76173
20000,0.20921,0.95295,-0.10729,-0.06941,0.09437,0.00143,65.76504,0.00226,5.93223,260.82111,0.13004,35.19131,3249.71436,116.76173
20000,0.65165,0.84284,0.08583,-0.03347,0.41136,0.01423,28.90305,0.00226,6.15314,189.48711,0.13004,37.86110,5945.91064,116.76173
20000,0.22122,0.02703,0.14012,0.09046,0.29749,0.00247,120.62424,0.00226,5.92435,187.57968,0.13004,35.09793,3603.62500,116.76173
20000,0.58659,0.37638,-0.50741,-0.52017,0.00165,0.00016,10.14596,0.00226,6.66591,311.37683,0.13004,44.43433,4149.26758,116.76173
20000,0.54655,0.74174,-0.67420,-0.65746,0.00415,0.00028,14.80273,0.00226,5.67572,126.69777,0.13004,32.21378,3158.45020,116.76173
20000,0.38438,0.60661,-1.17924,-1.08265,0.12740,0.00933,13.65396,0.00226,5.61749,244.70447,0.13004,31.55622,3036.38281,116.76173
20000,0.09409,0.77277,0.64428,0.65003,0.03852,0.00003,1163.55823,0.00226,5.55115,179.30022,0.13004,30.81529,2244.00830,116.76173
20000,0.94695,0.94494,0.08760,0.08998,0.42760,0.00001,75347.17188,0.00226,6.59826,310.57669,0.13004,43.53704,5936.75049,116.76173
20000,0.79079,0.99199,-0.01969,-0.03550,0.36739,0.00025,1470.26978,0.00226,6.16821,321.49951,0.13004,38.04686,7175.66797,116.76173
20000,0.53253,0.75275,-0.69820,-0.66848,0.00061,0.00088,0.68746,0.00226,5.70028,93.60780,0.13004,32.49320,2514.50464,116.76173
20000,0.62362,0.96396,0.13806,0.02294,0.00001,0.01325,0.00110,0.00226,5.76827,50.37959,0.13004,33.27299,3096.27026,116.76173
20000,0.28328,0.55355,0.00416,-0.02501,0.33773,0.00085,397.08493,0.00226,6.46978,193.65860,0.13004,41.85801,5209.10840,116.76173
20000,0.09910,0.58358,0.43940,0.45982,0.00204,0.00042,4.90301,0.00226,6.37217,174.02899,0.13004,40.60459,4986.82764,116.76173
20000,0.60561,0.12012,-0.73123,-0.64110,0.10347,0.00812,12.73622,0.00226,5.70490,242.85611,0.13004,32.54585,2717.46436,116.76173
20000,0.03103,0.70771,0.95966,0.95413,0.01266,0.00003,414.55884,0.00226,6.49429,189.82108,0.13004,42.17580,5087.02246,116.76173
20000,0.93093,0.01502,0.02737,-0.02450,0.29504,0.00269,109.66580,0.00226,5.79807,212.70453,0.13004,33.61764,6231.33594,116.76173
20000,0.73073,0.50450,-0.09573,-0.16090,0.09475,0.00425,22.30958,0.00226,7.20709,331.57797,0.13004,51.94219,7245.08789,116.76173
20000,0.03403,0.66066,1.15095,1.14931,0.09547,0.00000,35490.85938,0.00226,6.35672,211.64751,0.13004,40.40795,4149.75879,116.76173
22000,0.48348,0.88388,-0.80952,-0.72326,0.28695,0.00744,38.56527,0.00145,5.99238,230.81853,0.09709,35.90862,5563.47656,110.76891
22000,0.56156,0.06206,-0.17114,-0.10569,0.50768,0.00428,118.52228,0.00145,5.97269,232.76131,0.09709,35.67305,2418.90991,110.76891
22000,0.55055,0.72072,-0.67740,-0.65927,0.00653,0.00033,19.87887,0.00145,5.70390,138.55479,0.09709,32.53451,3096.57520,110.76891
22000,0.18318,0.88889,0.19272,0.19123,0.01982,0.00000,8920.92090,0.00145,7.05133,146.09216,0.09709,49.72121,8875.50195,110.76891
22000,0.62062,0.59259,-1.15211,-1.06803,0.08935,0.00707,12.64007,0.00145,5.78051,222.74100,0.09709,33.41434,4037.30005,110.76891
22000,0.61161,0.02603,-0.21402,-0.22764,0.54962,0.00019,2960.78418,0.00145,7.09715,287.76688,0.09709,50.36955,7343.53516,110.76891
22000,0.71371,0.25626,-0.18697,-0.24691,0.53174,0.00359,148.02621,0.00145,6.01237,298.10956,0.09709,36.14863,2194.89233,110.76891
22000,0.61862,0.66567,-1.06811,-1.03614,0.20790,0.00102,203.44395,0.00145,6.03845,357.17950,0.09709,36.46287,5543.07129,110.76891
22000,0.07307,0.15716,0.30410,0.31767,0.01795,0.00018,97.44511,0.00145,6.31060,123.01525,0.09709,39.82362,5148.31738,110.76891
22000,0.73974,0.94595,-0.31461,-0.26934,0.56918,0.00205,277.66403,0.00145,6.37183,235.12833,0.09709,40.60025,6701.49854,110.76891
22000,0.92392,0.33333,0.91385,0.78416,0.04526,0.01682,2.69067,0.00145,6.73903,130.17392,0.09709,45.41455,10086.80566,110.76891
22000,0.43143,0.86787,-0.29077,-0.30921,0.12594,0.00034,370.74677,0.00145,6.90744,32.64999,0.09709,47.71269,4031.55054,110.76891
22000,0.64164,0.08208,-0.55257,-0.53675,0.18909,0.00025,755.46655,0.00145,6.43673,338.15378,0.09709,41.43146,4918.33740,110.76891
22000,0.69369,0.09810,-0.03196,-0.02253,0.36020,0.00009,4049.62012,0.00145,7.43832,291.10498,0.09709,55.32854,11110.94238,110.76891
22000,0.05105,0.99099,0.01083,-0.01010,0.60321,0.00044,1377.70496,0.00145,5.48773,212.70663,0.09709,30.11515,3144.73267,110.76891
22000,0.92793,0.68769,0.66333,0.61206,0.53148,0.00263,202.18414,0.00145,7.17549,338.53232,0.09709,51.48759,10088.94434,110.76891
22000,0.78979,0.25826,0.15144,0.20719,0.28714,0.00311,92.39638,0.00145,6.16532,321.35138,0.09709,38.01114,3700.35962,110.76891
22000,0.52152,0.63463,-0.47806,-0.58546,0.01058,0.01153,0.91776,0.00145,5.68751,159.90199,0.09709,32.34778,2537.27515,110.76891
22000,0.36537,0.40541,-0.18356,-0.25013,0.05246,0.00443,11.83781,0.00145,5.55131,219.59639,0.09709,30.81707,2586.75879,110.76891
22000,0.75175,0.25726,-0.03753,-0.02119,0.03707,0.00027,138.75439,0.00145,7.24873,29.87576,0.09709,52.54401,11086.70898,110.76891
22000,0.00000,0.15115,0.93045,0.89765,0.04672,0.00108,43.41215,0.00145,5.53462,238.60942,0.09709,30.63206,2118.53101,110.76891
22000,0.38639,0.10210,-0.69826,-0.68360,0.47779,0.00021,2225.12061,0.00145,5.70849,299.18939,0.09709,32.58690,2585.45288,110.76891
22000,0.51251,0.26226,-0.80453,-0.82289,0.04873,0.00034,144.49959,0.00145,7.04025,204.18961,0.09709,49.56512,8438.56738,110.76891
22000,0.11311,0.64164,0.21665,0.23495,1.60103,0.00033,4783.66064,0.00145,5.66947,245.35612,0.09709,32.14283,1857.34094,110.76891
22000,0.59159,0.31231,-0.46175,-0.48460,0.00014,0.00052,0.27434,0.00145,6.53052,187.78949,0.09709,42.64773,14826.78223,110.76891
22000,0.39640,0.30631,-0.37359,-0.40359,0.01465,0.00090,16.27211,0.00145,5.88329,154.22588,0.09709,34.61304,6704.13916,110.76891
22000,0.16717,0.08408,-0.08308,-0.05967,0.24631,0.00055,449.47870,0.00145,5.63470,172.44485,0.09709,31.74982,2399.65210,110.76891
22000,0.84985,0.55155,0.33591,0.32656,0.11728,0.00009,1342.21521,0.00145,5.82281,248.36810,0.09709,33.90513,4494.54492,110.76891
22000,0.10010,0.92893,0.49475,0.47896,0.01922,0.00025,77.09456,0.00145,6.29006,229.70937,0.09709,39.56489,4609.81299,110.76891
22000,0.51652,0.24124,-0.63343,-0.64783,0.02034,0.00021,98.14846,0.00145,6.96328,250.43906,0.09709,48.48730,7013.04980,110.76891
22000,0.27127,0.78478,-0.26552,-0.24904,0.30446,0.00027,1120.85535,0.00145,5.85682,232.64717,0.09709,34.30237,3448.23926,110.76891
22000,0.43544,0.65265,-0.83957,-0.78944,0.06210,0.00251,24.70971,0.00145,6.39833,189.52437,0.09709,40.93857,7742.62158,110.76891
24000,0.58358,0.39740,-0.57790,-0.60947,0.24051,0.00100,241.27010,0.00104,7.08184,289.97031,0.12524,50.15247,8115.42773,112.07996
24000,0.12212,0.45746,0.96744,0.96054,0.83253,0.00005,17456.17969,0.00104,5.97095,220.30800,0.12524,35.65225,2033.61584,112.07996
24000,0.36236,0.53453,-0.84470,-0.80004,0.17844,0.00199,89.45418,0.00104,6.47230,149.72047,0.12524,41.89074,5599.72656,112.07996
24000,0.81381,0.42142,0.39224,0.35908,0.93470,0.00110,850.18304,0.00104,8.60428,484.13730,0.12524,74.03368,7765.39111,112.07996
24000,0.49650,0.45846,-1.23961,-1.23901,0.59582,0.00000,1671074.25000,0.00104,6.25097,321.13669,0.12524,39.07456,4820.29102,112.07996
24000,0.76376,0.88889,-0.43369,-0.38579,0.09979,0.00230,43.48264,0.00104,5.83864,282.55331,0.12524,34.08971,5851.21924,112.07996
24000,0.31632,0.06206,-0.11208,-0.08535,0.46017,0.00071,643.82855,0.00104,5.96325,290.20517,0.12524,35.56036,1449.06958,112.07996
24000,0.85786,0.45345,0.87114,0.76401,0.15417,0.01148,13.43275,0.00104,7.44079,158.80688,0.12524,55.36536,14229.75684,112.07996
24000,0.32933,0.46947,-0.39904,-0.37492,0.54245,0.00058,932.87177,0.00104,5.50969,225.01132,0.12524,30.35667,2839.32910,112.07996
24000,0.28729,0.89489,-0.36212,-0.36914,0.60010,0.00005,12151.36523,0.00104,6.41979,268.77472,0.12524,41.21375,7391.64404,112.07996
24000,0.39540,0.04304,-0.33109,-0.33532,0.31384,0.00002,17515.09961,0.00104,6.65494,207.87640,0.12524,44.28819,5113.58838,112.07996
24000,0.49349,0.88088,-0.85723,-0.80094,0.38526,0.00317,121.60091,0.00104,5.88375,264.71359,0.12524,34.61850,5901.48682,112.07996
24000,0.07107,0.28629,0.75324,0.72993,0.53952,0.00054,992.86005,0.00104,5.65183,241.21831,0.12524,31.94324,1607.32227,112.07996
24000,0.62162,0.03604,-0.29953,-0.31318,0.68090,0.00019,3654.95850,0.00104,7.15366,298.76297,0.12524,51.17483,6249.65186,112.07996
24000,0.32933,0.27528,-0.29969,-0.34329,0.17717,0.00190,93.18241,0.00104,5.43011,175.14857,0.12524,29.48610,2195.21484,112.07996
24000,0.94995,0.14715,0.57210,0.53856,1.83436,0.00113,1630.23450,0.00104,7.67358,380.42300,0.12524,58.88380,6852.76025,112.07996
24000,0.75175,0.07608,0.41066,0.34147,0.08215,0.00479,17.16503,0.00104,5.97992,356.23572,0.12524,35.75950,3161.01538,112.07996
24000,0.22122,0.90290,-0.29800,-0.29085,0.25985,0.00005,5077.81152,0.00104,6.04786,233.75673,0.12524,36.57665,4510.83203,112.07996
24000,0.49850,0.76076,-0.75013,-0.71165,0.03578,0.00148,24.16032,0.00104,5.80325,32.33715,0.12524,33.67769,3676.54150,112.07996
24000,0.57858,0.90591,-0.07457,-0.07391,1.74447,0.00000,3906925.00000,0.00104,7.01360,415.17834,0.12524,49.19052,5664.63428,112.07996
24000,0.83083,0.11311,-0.05061,-0.00928,0.14363,0.00171,84.06478,0.00104,6.45439,220.40169,0.12524,41.65913,5094.34326,112.07996
24000,0.35435,0.05005,-0.35090,-0.33268,0.00595,0.00033,17.91550,0.00104,6.33912,235.21088,0.12524,40.18446,4582.83008,112.07996
24000,0.13814,0.19219,0.05284,0.05677,0.07015,0.00002,4541.57080,0.00104,5.99032,235.20509,0.12524,35.88390,3130.79541,112.07996
24000,0.48348,0.49550,-1.02041,-1.03299,0.34507,0.00016,2178.55469,0.00104,6.46061,298.62408,0.12524,41.73949,6616.59814,112.07996
24000,0.51652,0.25425,-0.73709,-0.73848,0.36110,0.00000,187252.29688,0.00104,6.95649,245.82231,0.12524,48.39278,6121.46338,112.07996
24000,0.39540,0.01702,-0.13477,-0.13176,0.05901,0.00001,6513.59131,0.00104,6.79632,201.01529,0.12524,46.19003,4989.49268,112.07996
24000,0.85586,0.66466,0.14709,0.25624,0.00346,0.01191,0.29021,0.00104,5.49371,125.83487,0.12524,30.18080,4894.85498,112.07996
24000,0.34334,0.13914,-0.57870,-0.56409,0.79975,0.00021,3744.60425,0.00104,6.10135,267.66141,0.12524,37.22652,2266.53418,112.07996
24000,0.36036,0.73273,-0.57624,-0.59079,0.35751,0.00021,1689.22559,0.00104,7.03573,287.95215,0.12524,49.50144,5705.48389,112.07996
24000,0.57558,0.77177,-0.54082,-0.62982,1.80009,0.00792,227.23613,0.00104,6.37715,423.37350,0.12524,40.66806,4177.41797,112.07996
24000,0.82683,0.50951,0.44298,0.35203,0.05656,0.00827,6.83871,0.00104,5.80326,269.07336,0.12524,33.67780,5037.69092,112.07996
24000,0.24925,0.01802,0.11249,0.10791,0.17547,0.00002,8356.57422,0.00104,6.14832,128.28601,0.12524,37.80186,5514.23877,112.07996
26000,0.22222,0.05305,0.26566,0.23109,0.00000,0.00120,0.00046,0.00109,5.90019,145.42993,0.19967,34.81229,4929.39160,112.89060
26000,0.19319,0.70470,0.31803,0.30334,0.11976,0.00022,555.18359,0.00109,5.45913,189.56226,0.19967,29.80205,2161.14648,112.89060
26000,0.39640,0.55656,-1.06313,-1.01989,0.08743,0.00187,46.76967,0.00109,5.66499,204.47116,0.19967,32.09215,4154.49609,112.89060
26000,0.64464,0.78579,-0.19174,-0.16878,0.02176,0.00053,41.27771,0.00109,7.04402,392.01273,0.19967,49.61819,8843.83984,112.89060
26000,0.64565,0.42342,-0.23589,-0.27306,0.00918,0.00138,6.64433,0.00109,5.76613,189.78325,0.19967,33.24820,3129.43408,112.89060
26000,0.70671,0.56156,-0.10150,-0.12272,0.00025,0.00045,0.54965,0.00109,8.61415,323.30835,0.19967,74.20363,15850.84863,112.89060
26000,0.44444,0.96897,-0.12447,-0.06230,0.00012,0.00386,0.03046,0.00109,6.32122,283.41870,0.19967,39.95782,5522.08252,112.89060
26000,0.50951,0.32232,-1.22988,-1.21631,0.09204,0.00018,499.62424,0.00109,6.13457,314.83188,0.19967,37.63292,2486.73877,112.89060
26000,0.99099,0.79580,0.33228,0.30693,0.00776,0.00064,12.07022,0.00109,9.25978,399.62387,0.19967,85.74353,16936.02539,112.89060
26000,0.94194,0.68969,0.81146,0.78042,0.10087,0.00096,104.71619,0.00109,7.30867,422.43207,0.19967,53.41664,6833.54785,112.89060
26000,0.23223,0.99499,-0.02659,-0.01459,0.71409,0.00014,4957.40088,0.00109,6.64930,317.85959,0.19967,44.21313,5794.98926,112.89060
26000,0.18919,0.55756,0.38082,0.38477,0.03907,0.00002,2511.26245,0.00109,5.42272,185.99600,0.19967,29.40589,2325.88501,112.89060
26000,0.14414,0.40440,1.00284,1.00409,0.11549,0.00000,74266.33594,0.00109,5.98353,276.09042,0.19967,35.80262,1909.85986,112.89060
26000,0.34134,0.97598,0.05763,0.01744,0.00057,0.00162,0.35137,0.00109,5.73251,125.82511,0.19967,32.86163,3367.38794,112.89060
26000,0.74174,0.85986,-0.50254,-0.40606,0.00600,0.00931,0.64491,0.00109,5.61465,214.57104,0.19967,31.52434,3760.24609,112.89060
26000,0.02102,0.19720,0.84155,0.83148,0.02299,0.00010,226.66080,0.00109,5.58951,167.27003,0.19967,31.24258,3210.31030,112.89060
26000,0.10110,0.19119,0.17709,0.18260,0.08299,0.00003,2740.95386,0.00109,6.29795,184.88069,0.19967,39.66422,4547.23145,112.89060
26000,0.22122,0.65265,0.51196,0.48243,0.00021,0.00087,0.23779,0.00109,5.48414,187.55452,0.19967,30.07581,2441.47192,112.89060
26000,0.63063,0.60260,-1.12207,-1.06385,0.02661,0.00339,7.84950,0.00109,6.02577,295.61963,0.19967,36.30991,5990.41162,112.89060
26000,0.27227,0.39239,-0.54520,-0.48524,0.08807,0.00359,24.50006,0.00109,5.41368,189.06165,0.19967,29.30798,2273.48193,112.89060
26000,0.49850,0.01001,0.03124,0.03008,0.01148,0.00000,8445.23926,0.00109,5.35235,47.99613,0.19967,28.64769,2616.47998,112.89060
26000,0.76977,0.85085,-0.36350,-0.30013,0.01393,0.00402,3.46884,0.00109,6.37158,289.71085,0.19967,40.59697,4055.35498,112.89060
26000,0.57958,0.18118,-0.63133,-0.61454,0.01138,0.00028,40.34705,0.00109,5.56944,212.90787,0.19967,31.01871,2259.43921,112.89060
26000,0.28729,0.14414,0.18596,0.18140,0.05031,0.00002,2422.87939,0.00109,6.23235,236.64961,0.19967,38.84220,2869.74438,112.89060
26000,0.88589,0.06907,-0.20503,-0.10795,0.05588,0.00942,5.92944,0.00109,5.97229,132.18190,0.19967,35.66825,5404.28467,112.89060
26000,0.87588,0.05906,-0.20670,-0.09798,0.06158,0.01182,5.20963,0.00109,5.94522,93.69968,0.19967,35.34559,3134.10742,112.89060
26000,0.98999,0.96396,-0.09913,-0.03725,0.03562,0.00383,9.30134,0.00109,5.53680,47.40836,0.19967,30.65613,3703.17480,112.89060
26000,0.54454,0.62062,-0.67518,-0.69061,0.00029,0.00024,1.21320,0.00109,6.25355,138.47360,0.19967,39.10696,4790.75684,112.89060
26000,0.03103,0.76376,0.60189,0.60200,0.00556,0.00000,469145.46875,0.00109,6.30463,268.17566,0.19967,39.74835,3131.55225,112.89060
26000,0.28428,0.20420,0.04929,0.00714,0.00053,0.00178,0.30002,0.00109,6.23955,133.42250,0.19967,38.93195,3662.70410,112.89060
26000,0.21822,0.32432,-0.11152,-0.07708,0.02271,0.00119,19.14941,0.00109,6.35093,185.22374,0.19967,40.33428,4377.68506,112.89060
26000,0.80080,0.43243,0.19798,0.23091,0.00959,0.00108,8.83772,0.00109,8.34081,489.41147,0.19967,69.56914,9683.69141,112.89060
28000,0.92593,0.57958,0.74518,0.77798,0.03712,0.00108,34.50575,0.00056,7.81298,344.55081,0.07467,61.04267,9558.59863,113.59064
28000,0.54354,0.85786,-0.63980,-0.64812,0.00893,0.00007,129.06815,0.00056,7.63151,434.00488,0.07467,58.23994,5866.50342,113.59064
28000,0.39039,0.77578,-0.35261,-0.35010,0.14117,0.00001,22460.01172,0.00056,7.27400,308.69183,0.07467,52.91107,9381.27734,113.59064
28000,0.82282,0.39239,0.54197,0.57910,0.04151,0.00138,30.11668,0.00056,9.51869,384.43726,0.07467,90.60536,13893.16699,113.59064
28000,0.57357,0.65065,-0.92694,-0.86802,0.00160,0.00347,0.45964,0.00056,6.57111,49.45524,0.07467,43.17948,10600.93652,113.59064
28000,0.08709,0.27127,0.71935,0.71615,0.01800,0.00001,1756.54419,0.00056,5.89282,269.53717,0.07467,34.72532,2080.18115,113.59064
28000,0.80280,0.35936,0.17611,0.15294,0.00015,0.00054,0.27294,0.00056,9.73374,339.99771,0.07467,94.74571,16994.54688,113.59064
28000,0.39239,0.93994,0.16404,0.14548,0.00610,0.00034,17.69861,0.00056,5.79464,155.39938,0.07467,33.57787,1931.24939,113.59064
28000,0.49750,0.06607,0.16227,0.11264,0.09247,0.00246,37.54087,0.00056,5.33628,147.38470,0.07467,28.47584,1998.92468,113.59064
28000,0.13914,0.46847,0.81936,0.82088,0.09997,0.00000,43087.32812,0.00056,6.28975,145.55511,0.07467,39.56089,4180.20410,113.59064
28000,0.12112,0.84985,0.80203,0.77703,0.08262,0.00063,132.15308,0.00056,5.42920,227.05992,0.07467,29.47627,2388.06836,113.59064
28000,0.43844,0.17417,-0.47223,-0.49015,0.06467,0.00032,201.49506,0.00056,6.05365,254.44151,0.07467,36.64670,2849.62769,113.59064
28000,0.50951,0.25325,-0.73288,-0.72525,0.05835,0.00006,1002.52826,0.00056,7.15809,189.06886,0.07467,51.23818,8139.84424,113.59064
28000,0.51952,0.38839,-1.36690,-1.34691,0.45326,0.00040,1134.40405,0.00056,5.83736,359.56668,0.07467,34.07471,3908.47974,113.59064
28000,0.17417,0.89189,0.31344,0.32497,0.14230,0.00013,1068.70190,0.00056,7.06287,160.22429,0.07467,49.88419,8243.65332,113.59064
28000,0.51852,0.55656,-0.68611,-0.70298,0.12602,0.00028,442.64795,0.00056,6.26588,262.22369,0.07467,39.26124,8484.74805,113.59064
28000,0.58859,0.80380,-0.30005,-0.35750,0.00232,0.00330,0.70182,0.00056,8.75555,237.21228,0.07467,76.65967,19120.64258,113.59064
28000,0.52452,0.96296,-0.29782,-0.27221,0.10229,0.00066,155.88504,0.00056,9.17912,273.23199,0.07467,84.25630,16112.91895,113.59064
28000,0.76977,0.35035,-0.30816,-0.30853,0.24132,0.00000,1818885.00000,0.00056,6.99369,404.60471,0.07467,48.91174,6996.61475,113.59064
28000,0.07107,0.52352,0.86834,0.88400,0.01022,0.00024,41.72916,0.00056,5.70933,254.83356,0.07467,32.59646,1486.76514,113.59064
28000,0.29029,0.72272,-0.10260,-0.11405,0.10862,0.00013,828.77844,0.00056,6.09025,287.18237,0.07467,37.09119,1939.06506,113.59064
28000,0.45045,0.11111,-0.16813,-0.15812,0.06226,0.00010,621.67621,0.00056,6.22876,197.16335,0.07467,38.79742,3774.67651,113.59064
28000,0.88188,0.47848,0.86692,0.84900,0.08332,0.00032,259.48090,0.00056,7.01678,268.76471,0.07467,49.23523,4381.39307,113.59064
28000,0.84184,0.59359,0.21179,0.26445,0.09343,0.00277,33.69730,0.00056,5.64737,144.81581,0.07467,31.89282,4050.52856,113.59064
28000,0.66366,0.90490,0.11032,0.04686,0.02820,0.00403,7.00263,0.00056,6.02505,187.81355,0.07467,36.30121,2405.48438,113.59064
28000,0.38639,0.03303,-0.27174,-0.26198,0.12647,0.00010,1327.53967,0.00056,6.84080,178.16348,0.07467,46.79653,6260.46045,113.59064
28000,0.69269,0.69770,-0.24679,-0.23755,0.06343,0.00009,743.14557,0.00056,7.06311,457.89966,0.07467,49.88751,5756.88672,113.59064
28000,0.70771,0.82482,-0.33374,-0.35483,0.03907,0.00044,87.89637,0.00056,5.82774,211.39127,0.07467,33.96256,2599.37500,113.59064
28000,0.64164,0.45746,-0.39104,-0.37396,0.09103,0.00029,311.98145,0.00056,6.18725,240.58203,0.07467,38.28207,1538.18030,113.59064
28000,0.13614,0.57157,0.26319,0.27406,0.07206,0.00012,609.43494,0.00056,5.78052,234.92577,0.07467,33.41442,1604.52905,113.59064
28000,0.35936,0.70671,-0.74426,-0.74217,0.16728,0.00000,37998.73438,0.00056,6.77275,290.73422,0.07467,45.87016,7514.36670,113.59064
28000,0.37237,0.29429,-0.29154,-0.31151,0.05325,0.00040,133.55289,0.00056,5.71459,198.73253,0.07467,32.65651,2446.04712,113.59064
30000,0.06707,0.66967,0.73745,0.73017,0.00932,0.00005,176.15988,0.00078,6.41760,219.93573,0.14978,41.18557,3559.91821,113.93872
30000,0.99399,0.77477,0.49810,0.47231,0.63979,0.00067,961.72968,0.00078,10.30437,256.42484,0.14978,106.18015,28674.09570,113.93872
30000,0.40941,0.85185,-0.06727,-0.11224,0.03710,0.00202,18.34249,0.00078,6.88992,161.04837,0.14978,47.47097,4936.09863,113.93872
30000,0.72573,0.56857,0.16259,0.16223,0.06836,0.00000,516862.34375,0.00078,8.63462,300.72742,0.14978,74.55666,15358.85059,113.93872
30000,0.12212,0.76376,0.57231,0.55744,0.01236,0.00022,55.87830,0.00078,5.84657,102.53264,0.14978,34.18239,4742.03467,113.93872
30000,0.17317,0.24024,0.29646,0.30045,0.00649,0.00002,407.44284,0.00078,5.62748,290.10284,0.14978,31.66858,2189.29102,113.93872
30000,0.04004,0.20420,0.72516,0.71186,0.07104,0.00018,401.51645,0.00078,5.64719,207.51749,0.14978,31.89076,2498.83643,113.93872
30000,0.00100,0.98398,-0.04963,-0.05976,0.01097,0.00010,106.86315,0.00078,5.58907,43.19289,0.14978,31.23766,4973.33594,113.93872
30000,0.41742,0.22723,-0.63682,-0.64893,0.00026,0.00015,1.78002,0.00078,5.43477,239.95692,0.14978,29.53677,2324.25244,113.93872
30000,0.94194,0.99600,0.00895,0.02541,0.00512,0.00027,18.91027,0.00078,5.72979,229.48219,0.14978,32.83044,9275.73730,113.93872
30000,0.36336,0.97898,0.08188,0.05507,0.01007,0.00072,14.01752,0.00078,5.96170,57.24257,0.14978,35.54191,3987.56860,113.93872
30000,0.10911,0.96897,0.25045,0.26250,0.18621,0.00015,1284.10510,0.00078,7.01880,246.90785,0.14978,49.26357,5159.27441,113.93872
30000,0.15916,0.48849,0.58703,0.56603,0.07909,0.00044,179.27739,0.00078,6.06386,225.96339,0.14978,36.77042,2598.28198,113.93872
30000,0.80981,0.17918,0.22210,0.27334,0.00294,0.00262,1.11854,0.00078,6.37397,287.90634,0.14978,40.62749,3157.01685,113.93872
30000,0.51351,0.03804,0.09808,0.08398,0.00512,0.00020,25.78655,0.00078,5.35055,124.85028,0.14978,28.62838,1943.64917,113.93872
30000,0.30330,0.58659,-0.21515,-0.22020,0.16603,0.00003,6504.43652,0.00078,7.13077,259.66992,0.14978,50.84790,4522.20557,113.93872
30000,0.52953,0.73073,-0.64738,-0.63657,0.00152,0.00012,12.96337,0.00078,5.93515,116.86954,0.14978,35.22598,2340.82227,113.93872
30000,0.76977,0.61361,0.55114,0.45687,0.00820,0.00889,0.92290,0.00078,5.82728,162.07230,0.14978,33.95723,4862.69434,113.93872
30000,0.70270,0.08208,0.08529,0.09765,0.11743,0.00015,768.43048,0.00078,7.08836,325.65067,0.14978,50.24488,12956.87891,113.93872
30000,0.49950,0.04905,0.13553,0.09648,0.00407,0.00153,2.67207,0.00078,5.34277,129.12505,0.14978,28.54515,2114.32104,113.93872
30000,0.88388,0.15516,-0.10386,-0.08843,0.01970,0.00024,82.83028,0.00078,6.86930,459.23764,0.14978,47.18726,5841.29688,113.93872
30000,0.46446,0.00100,0.00088,-0.02051,0.00586,0.00046,12.81064,0.00078,5.34382,177.10783,0.14978,28.55639,2001.67346,113.93872
30000,0.92593,0.20420,0.45672,0.54093,0.13976,0.00709,19.70865,0.00078,7.39157,450.56537,0.14978,54.63535,4194.92334,113.93872
30000,0.55155,0.69069,-0.69078,-0.66354,0.00919,0.00074,12.38603,0.00078,6.04941,181.12531,0.14978,36.59534,2994.35767,113.93872
30000,0.95495,0.29029,0.65626,0.63039,0.00136,0.00067,2.03768,0.00078,5.94338,206.73570,0.14978,35.32371,4616.44141,113.93872
30000,0.69670,0.78879,-0.25609,-0.31979,0.00013,0.00406,0.03150,0.00078,5.89662,220.27960,0.14978,34.77018,3723.44580,113.93872
30000,0.84184,0.02402,-0.05883,-0.03082,0.01588,0.00078,20.23883,0.00078,5.85725,136.39505,0.14978,34.30739,3898.46875,113.93872
30000,0.75776,0.91391,-0.42002,-0.39508,0.01786,0.00062,28.71436,0.00078,6.10057,335.64771,0.14978,37.21699,3682.85181,113.93872
30000,0.20921,0.07708,0.27461,0.22663,0.00000,0.00230,0.00108,0.00078,5.90212,109.21442,0.14978,34.83499,4132.62598,113.93872
30000,0.11712,0.75876,0.56337,0.55326,0.01203,0.00010,117.55919,0.00078,5.82199,115.77452,0.14978,33.89558,4672.23047,113.93872
30000,0.97297,0.82783,0.18485,0.19627,0.56688,0.00013,4347.88770,0.00078,9.01319,316.44800,0.14978,81.23750,18961.72266,113.93872
30000,0.68769,0.61061,-0.35646,-0.36311,0.01747,0.00004,395.50040,0.00078,10.05416,134.67061,0.14978,101.08613,18134.02930,113.93872
32000,0.84685,0.41742,0.87977,0.86254,0.11071,0.00030,373.00620,0.00045,7.59764,344.77048,0.06484,57.72410,9429.25977,111.24684
32000,0.54054,0.50350,-0.95614,-0.95240,0.32182,0.00001,22999.63281,0.00045,5.90357,372.69656,0.06484,34.85219,4370.84131,111.24684
32000,0.08909,0.75475,0.60867,0.61637,0.00983,0.00006,165.73193,0.00045,5.49342,233.01151,0.06484,30.17762,2314.70752,111.24684
32000,0.71772,0.48549,-0.26368,-0.31692,0.13429,0.00283,47.38684,0.00045,6.66685,428.82401,0.06484,44.44683,4294.91260,111.24684
32000,0.57758,0.94895,-0.03041,-0.01072,0.00139,0.00039,3.59531,0.00045,6.30588,330.35309,0.06484,39.76410,7622.41504,111.24684
32000,0.06006,0.23724,0.63537,0.63968,0.43531,0.00002,23407.72266,0.00045,5.57258,249.65352,0.06484,31.05368,2021.83398,111.24684
32000,0.09309,0.62162,0.42628,0.42427,0.03330,0.00000,8289.48047,0.00045,6.31145,224.22372,0.06484,39.83443,2158.59717,111.24684
32000,0.89389,0.40240,1.16780,1.07444,0.14330,0.00872,16.44231,0.00045,5.95513,237.04765,0.06484,35.46362,3806.33228,111.24684
32000,0.53654,0.89990,-0.59006,-0.58057,0.01071,0.00009,118.84156,0.00045,8.85308,305.39871,0.06484,78.37699,17301.56250,111.24684
32000,0.07808,0.33033,0.92121,0.90394,0.00132,0.00030,4.42990,0.00045,5.91643,151.43004,0.06484,35.00420,3579.51782,111.24684
32000,0.00501,0.01802,0.16791,0.16235,0.11199,0.00003,3622.38135,0.00045,7.12780,132.26213,0.06484,50.80547,7812.04834,111.24684
32000,0.31632,0.85586,-0.13057,-0.14161,0.00075,0.00012,6.17062,0.00045,6.99702,205.66776,0.06484,48.95834,14693.15625,111.24684
32000,0.32332,0.11912,-0.29649,-0.28084,0.00074,0.00024,3.00758,0.00045,6.67232,154.66766,0.06484,44.51981,6755.98242,111.24684
32000,0.43243,0.63063,-0.89892,-0.87642,0.00187,0.00051,3.69683,0.00045,6.93443,121.70754,0.06484,48.08634,11743.11035,111.24684
32000,0.65165,0.60561,-0.92814,-0.95870,0.31702,0.00093,339.53851,0.00045,7.17678,440.30716,0.06484,51.50622,5435.64551,111.24684
32000,0.64464,0.91091,0.22641,0.12679,0.00290,0.00993,0.29264,0.00045,5.92939,138.53461,0.06484,35.15767,3269.00464,111.24684
32000,0.97898,0.91491,-0.11681,-0.04049,0.06198,0.00582,10.64055,0.00045,5.86200,193.42827,0.06484,34.36310,10657.99414,111.24684
32000,0.71371,0.75676,-0.18235,-0.25713,0.07106,0.00559,12.70733,0.00045,6.27219,252.03036,0.06484,39.34042,3391.91333,111.24684
32000,0.85085,0.52152,0.48103,0.40859,0.20076,0.00525,38.26382,0.00045,6.70143,308.28568,0.06484,44.90913,2268.64038,111.24684
32000,0.15015,0.75475,0.43293,0.41090,0.00166,0.00049,3.41269,0.00045,5.75811,166.73470,0.06484,33.15587,2340.21826,111.24684
32000,0.81982,0.57758,0.33650,0.31408,0.00749,0.00050,14.90269,0.00045,5.88663,95.03806,0.06484,34.65238,4456.38037,111.24684
32000,0.11512,0.56857,0.36450,0.37407,0.01341,0.00009,146.34254,0.00045,6.17739,193.99411,0.06484,38.16009,3958.12500,111.24684
32000,0.08909,0.76777,0.63343,0.63725,0.01373,0.00001,937.38849,0.00045,5.46713,219.88326,0.06484,29.88950,3185.45239,111.24684
32000,0.53353,0.07107,0.04265,0.05080,0.01439,0.00007,216.20541,0.00045,5.53944,208.10587,0.06484,30.68534,2869.90063,111.24684
32000,0.83083,0.11311,-0.05061,-0.02009,0.25457,0.00093,273.31635,0.00045,6.86130,269.87875,0.06484,47.07747,5090.85254,111.24684
32000,0.68669,0.51552,-0.38892,-0.40908,0.19587,0.00041,481.73166,0.00045,6.30616,372.47943,0.06484,39.76764,6202.39941,111.24684
32000,0.78979,0.88388,-0.18019,-0.19626,0.01961,0.00026,76.01463,0.00045,7.82901,328.61118,0.06484,61.29336,9727.83105,111.24684
32000,0.85385,0.72472,0.32745,0.33840,0.33889,0.00012,2822.49121,0.00045,6.10871,292.37723,0.06484,37.31636,3600.18872,111.24684
32000,0.69369,0.21021,-0.17536,-0.20607,1.52254,0.00094,1614.08032,0.00045,6.37925,406.29758,0.06484,40.69477,5822.61914,111.24684
32000,0.31231,0.25125,-0.27092,-0.29288,0.08899,0.00048,184.56989,0.00045,5.54610,235.38603,0.06484,30.75922,2446.33154,111.24684
32000,0.86587,0.66166,0.14528,0.21941,0.00914,0.00550,1.66345,0.00045,5.65988,222.67239,0.06484,32.03421,6019.63965,111.24684
32000,0.38238,0.94294,0.19114,0.15940,0.11847,0.00101,117.60611,0.00045,5.83707,149.59099,0.06484,34.07135,2048.68481,111.24684
34000,0.72773,0.24525,-0.07185,-0.10048,0.04768,0.00082,58.15446,0.00067,7.17269,202.20097,0.17936,51.44752,10102.01660,115.15818
34000,0.22322,0.45445,-0.04602,-0.04122,0.07069,0.00002,3074.13452,0.00067,6.46792,179.73891,0.17936,41.83395,5326.73877,115.15818
34000,0.55055,0.77678,-0.66176,-0.67510,0.29637,0.00018,1664.87537,0.00067,6.14778,294.56738,0.17936,37.79525,5768.40234,115.15818
34000,0.12713,0.03103,-0.12190,-0.08912,0.00160,0.00107,1.48554,0.00067,5.63431,108.75620,0.17936,31.74545,3794.49048,115.15818
34000,0.82382,0.29329,0.42899,0.37403,0.79024,0.00302,261.59180,0.00067,7.64852,498.14954,0.17936,58.49990,3599.20068,115.15818
34000,0.65465,0.55856,-0.80100,-0.77513,0.15271,0.00067,228.18317,0.00067,7.36731,226.88503,0.17936,54.27729,11621.16016,115.15818
34000,0.04705,0.52452,1.01122,1.00646,0.00247,0.00002,109.24670,0.00067,5.67128,257.73904,0.17936,32.16341,1690.63660,115.15818
34000,0.07708,0.06707,0.05139,0.04841,0.04117,0.00001,4641.33105,0.00067,5.76288,254.88016,0.17936,33.21075,2189.67456,115.15818
34000,0.34635,0.23023,-0.46905,-0.44804,0.11241,0.00044,254.59584,0.00067,5.82049,231.77783,0.17936,33.87811,3954.78833,115.15818
34000,0.45846,0.69469,-0.63001,-0.61640,0.04261,0.00019,230.10989,0.00067,5.80497,226.27483,0.17936,33.69764,5451.75293,115.15818
34000,0.86987,0.77878,0.61342,0.59634,0.00010,0.00029,0.32968,0.00067,7.20860,175.91818,0.17936,51.96391,15708.48145,115.15818
34000,0.81682,0.54254,0.37638,0.34196,0.07904,0.00118,66.70488,0.00067,5.93873,191.93652,0.17936,35.26853,4682.07617,115.15818
34000,0.19820,0.04104,0.10662,0.07729,0.03095,0.00086,35.98557,0.00067,5.70597,204.92195,0.17936,32.55805,1621.32019,115.15818
34000,0.00901,0.01001,0.09252,0.09201,0.01179,0.00000,46028.75391,0.00067,7.10923,158.51700,0.17936,50.54110,6637.73438,115.15818
34000,0.42342,0.96597,-0.02275,0.01997,0.11473,0.00183,62.85480,0.00067,6.17833,207.05348,0.17936,38.17178,3762.89624,115.15818
34000,0.49449,0.15616,-0.01311,-0.00427,0.00150,0.00008,19.17239,0.00067,5.85866,310.76144,0.17936,34.32392,2535.71875,115.15818
34000,0.63864,0.24124,-0.49440,-0.45061,0.00365,0.00192,1.90478,0.00067,6.77673,113.45176,0.17936,45.92411,13583.77539,115.15818
34000,0.78579,0.91792,-0.21003,-0.21318,0.00474,0.00001,479.79895,0.00067,7.75312,243.77991,0.17936,60.11089,14867.08496,115.15818
34000,0.54354,0.35736,-1.09143,-1.08925,0.04430,0.00000,9298.39844,0.00067,6.94939,337.74081,0.17936,48.29401,8589.98633,115.15818
34000,0.40340,0.61361,-1.14369,-1.09531,0.00000,0.00234,0.00158,0.00067,5.70357,301.54611,0.17936,32.53067,5142.45215,115.15818
34000,0.02603,0.84084,0.11224,0.12175,0.28875,0.00009,3198.28076,0.00067,6.16697,211.80429,0.17936,38.03157,4623.84473,115.15818
34000,0.58358,0.53554,-0.96899,-0.97964,0.00004,0.00011,0.34855,0.00067,5.89449,224.53944,0.17936,34.74504,2072.80273,115.15818
34000,0.82683,0.88488,0.33905,0.34665,0.01501,0.00006,259.40173,0.00067,8.51908,283.29861,0.17936,72.57484,13343.01855,115.15818
34000,0.22823,0.44645,-0.13171,-0.13401,0.11716,0.00001,22118.15234,0.00067,6.42933,190.44194,0.17936,41.33630,5834.88525,115.15818
34000,0.13113,0.01001,-0.04063,-0.02095,0.00063,0.00039,1.61730,0.00067,5.66248,64.83087,0.17936,32.06365,3883.44702,115.15818
34000,0.98899,0.86887,-0.08010,-0.02683,0.00313,0.00284,1.10199,0.00067,6.15949,338.68045,0.17936,37.93929,11808.38477,115.15818
34000,0.32533,0.04605,-0.15233,-0.13471,0.13069,0.00031,420.87778,0.00067,5.95187,288.11203,0.17936,35.42470,1894.78528,115.15818
34000,0.61962,0.73473,-0.63524,-0.66032,0.13756,0.00063,218.73026,0.00067,9.20988,263.67441,0.17936,84.82191,17812.95117,115.15818
34000,0.95395,0.50150,0.96222,0.97114,0.45663,0.00008,5735.06934,0.00067,5.88977,360.91974,0.17936,34.68934,7089.52490,115.15818
34000,0.48148,0.31832,-1.17398,-1.15866,0.01596,0.00023,67.99733,0.00067,6.34029,292.94891,0.17936,40.19931,4202.10059,115.15818
34000,0.90390,0.05005,-0.09099,-0.08073,0.02764,0.00011,262.89505,0.00067,6.36068,182.87242,0.17936,40.45827,5891.37598,115.15818
34000,0.13413,0.14414,-0.18174,-0.15378,0.01375,0.00078,17.59391,0.00067,5.61685,255.76093,0.17936,31.54896,1586.22107,115.15818
36000,0.05005,0.33934,0.69367,0.67528,0.13604,0.00034,402.57626,0.00066,5.79545,178.70724,0.12027,33.58722,2456.23633,110.20675
36000,0.20921,0.09009,0.30569,0.26838,0.05543,0.00139,39.81701,0.00066,5.90573,125.22592,0.12027,34.87762,4524.42578,110.20675
36000,0.72573,0.56857,0.16259,0.14793,0.15253,0.00021,710.07184,0.00066,8.92935,275.06464,0.12027,79.73331,15256.30957,110.20675
36000,0.78879,0.87087,-0.18503,-0.21020,0.66155,0.00063,1044.48547,0.00066,7.67918,363.21515,0.12027,58.96975,5266.10156,110.20675
36000,0.35536,0.72773,-0.58559,-0.59280,0.00477,0.00005,91.51257,0.00066,6.96037,321.63672,0.12027,48.44679,6448.68555,110.20675
36000,0.43143,0.74274,-0.66389,-0.66709,0.00477,0.00001,467.44675,0.00066,5.78969,315.23221,0.12027,33.52051,4982.68994,110.20675
36000,0.66366,0.66767,-0.68865,-0.70358,0.03729,0.00022,167.15167,0.00066,9.41848,230.46274,0.12027,88.70773,19258.73438,110.20675
36000,0.05806,0.29730,0.71990,0.70317,0.21048,0.00028,751.64380,0.00066,5.59199,229.25267,0.12027,31.27038,1539.68201,110.20675
36000,0.68168,0.88589,-0.07386,-0.08982,0.00422,0.00025,16.56113,0.00066,6.80093,117.62458,0.12027,46.25265,9240.60352,110.20675
36000,0.35335,0.96897,0.10377,0.05467,0.01885,0.00241,7.82000,0.00066,5.96917,92.65343,0.12027,35.63097,5341.92041,110.20675
36000,0.36637,0.26326,-0.41041,-0.41232,0.02046,0.00000,5623.34570,0.00066,5.90358,147.48665,0.12027,34.85222,5288.99902,110.20675
36000,0.59459,0.08408,-0.53063,-0.50768,0.23489,0.00053,446.14697,0.00066,6.37415,247.91560,0.12027,40.62983,5471.35010,110.20675
36000,0.74575,0.58859,0.42031,0.40525,0.26133,0.00023,1152.27271,0.00066,6.79151,416.16309,0.12027,46.12462,5118.81055,110.20675
36000,0.88789,0.25926,0.60928,0.63418,0.06863,0.00062,110.68034,0.00066,9.40090,341.70392,0.12027,88.37683,20794.89648,110.20675
36000,0.01702,0.89990,-0.12532,-0.12489,0.00373,0.00000,19719.14258,0.00066,5.54125,228.95982,0.12027,30.70549,2357.03418,110.20675
36000,0.02002,0.54655,1.22336,1.21888,0.11781,0.00002,5857.54639,0.00066,5.88686,221.49667,0.12027,34.65511,3723.12671,110.20675
36000,0.24024,0.82783,-0.37073,-0.36905,0.09688,0.00000,34563.16406,0.00066,6.05452,271.99963,0.12027,36.65725,1732.12207,110.20675
36000,0.15816,0.46246,0.69454,0.68541,0.12796,0.00008,1533.56152,0.00066,6.30370,180.26112,0.12027,39.73669,4294.80566,110.20675
36000,0.82282,0.19820,0.17991,0.21644,0.41188,0.00133,308.59549,0.00066,6.61383,344.85056,0.12027,43.74273,5269.03271,110.20675
36000,0.15315,0.34535,0.85938,0.86295,0.07155,0.00001,5611.25000,0.00066,6.35352,269.70633,0.12027,40.36718,3119.14038,110.20675
36000,0.80781,0.75275,0.24701,0.27153,0.01464,0.00060,24.34571,0.00066,5.81185,246.08459,0.12027,33.77765,5873.01660,110.20675
36000,0.35536,0.95195,0.15755,0.10592,0.00020,0.00267,0.07322,0.00066,5.91901,114.81158,0.12027,35.03471,4800.46387,110.20675
36000,0.27828,0.29830,-0.35857,-0.34938,0.08937,0.00008,1060.04163,0.00066,5.73985,205.32260,0.12027,32.94585,2902.45996,110.20675
36000,0.69269,0.80981,-0.24265,-0.30514,0.01661,0.00391,4.25271,0.00066,6.13550,236.56070,0.12027,37.64439,3319.39014,110.20675
36000,0.24725,0.09109,0.45908,0.43358,0.19328,0.00065,297.08676,0.00066,5.59461,268.07147,0.12027,31.29967,2163.61572,110.20675
36000,0.05606,0.74575,0.67682,0.66916,0.20905,0.00006,3568.03125,0.00066,5.70872,283.65793,0.12027,32.58947,1760.30640,110.20675
36000,0.64765,0.61361,-0.97875,-1.01747,0.48066,0.00150,320.58951,0.00066,7.06042,447.45648,0.12027,49.84960,4923.48291,110.20675
36000,0.96496,0.24424,0.70046,0.66502,0.00424,0.00126,3.37742,0.00066,6.15485,139.84428,0.12027,37.88218,3828.74023,110.20675
36000,0.02803,0.87988,-0.01750,-0.02748,0.02704,0.00010,271.79236,0.00066,5.85119,224.09723,0.12027,34.23638,2565.04492,110.20675
36000,0.27227,0.87988,-0.47429,-0.47359,0.13597,0.00000,279134.03125,0.00066,5.71090,311.57465,0.12027,32.61434,5382.14062,110.20675
36000,0.37938,0.23924,-0.56291,-0.57319,0.00098,0.00011,9.26956,0.00066,5.92795,131.28777,0.12027,35.14054,6234.64209,110.20675
36000,0.78679,0.51251,0.27606,0.32796,0.04284,0.00269,15.90425,0.00066,6.68896,392.89227,0.12027,44.74216,6354.26709,110.20675
38000,0.85385,0.65566,0.13659,0.22848,0.00012,0.00844,0.01471,0.00058,5.77501,151.50276,0.11967,33.35075,7281.31738,115.20097
38000,0.66266,0.75375,-0.35069,-0.31852,0.00234,0.00103,2.26461,0.00058,6.93130,465.15048,0.11967,48.04285,4958.56592,115.20097
38000,0.45045,0.73674,-0.67404,-0.67157,0.19715,0.00001,32314.43555,0.00058,5.71899,222.51698,0.11967,32.70689,4749.50732,115.20097
38000,0.82983,0.40641,0.65492,0.70702,0.06135,0.00271,22.59929,0.00058,8.88218,421.68616,0.11967,78.89318,9096.07227,115.20097
38000,0.01401,0.89089,-0.12518,-0.11280,0.00966,0.00015,63.02617,0.00058,5.57206,242.00009,0.11967,31.04782,2323.83496,115.20097
38000,0.93794,0.39139,0.86622,0.87244,0.02124,0.00004,550.05359,0.00058,7.44257,208.75308,0.11967,55.39181,15387.27832,115.20097
38000,0.90691,0.62863,0.41930,0.40457,0.06113,0.00022,281.84512,0.00058,7.64248,411.58975,0.11967,58.40746,4138.02051,115.20097
38000,0.71672,0.57157,0.05994,0.07129,0.04931,0.00013,382.41071,0.00058,9.29305,217.93881,0.11967,86.36084,16607.49219,115.20097
38000,0.34434,0.66567,-0.79766,-0.79824,0.00014,0.00000,404.06772,0.00058,6.68165,239.41597,0.11967,44.64439,6621.90332,115.20097
38000,0.82182,0.11612,0.04023,0.05246,0.00002,0.00015,0.11233,0.00058,7.44732,173.92892,0.11967,55.46265,13421.29785,115.20097
38000,0.15115,0.53053,0.43108,0.42895,0.01175,0.00000,2600.01904,0.00058,5.91508,220.98587,0.11967,34.98816,2811.25684,115.20097
38000,0.46146,0.78579,-0.72825,-0.71983,0.12499,0.00007,1761.39648,0.00058,5.94615,182.81056,0.11967,35.35671,2285.96802,115.20097
38000,0.55656,0.62663,-0.78992,-0.77950,0.00000,0.00011,0.00920,0.00058,6.76330,68.64380,0.11967,45.74220,9678.59473,115.20097
38000,0.29129,0.01101,0.02617,0.02038,0.02425,0.00003,721.87476,0.00058,5.60786,316.19174,0.11967,31.44807,2056.57349,115.20097
38000,0.02503,0.92693,-0.09651,-0.08811,0.02430,0.00007,345.02722,0.00058,5.59828,178.56538,0.11967,31.34074,3772.34619,115.20097
38000,0.64665,0.10010,-0.59408,-0.59268,0.01212,0.00000,6157.49072,0.00058,6.51960,338.53271,0.11967,42.50523,5971.49512,115.20097
38000,0.08809,0.49149,0.88240,0.88595,0.00399,0.00001,315.53903,0.00058,5.75513,247.66090,0.11967,33.12153,1378.45081,115.20097
38000,0.97998,0.95395,-0.09654,-0.01147,0.00120,0.00724,0.16625,0.00058,5.72071,90.00703,0.11967,32.72649,5986.45459,115.20097
38000,0.67668,0.26827,-0.30131,-0.29037,0.00970,0.00012,81.03874,0.00058,5.72050,260.38547,0.11967,32.72408,5902.99951,115.20097
38000,0.96296,0.24825,0.69082,0.66705,0.06088,0.00057,107.72622,0.00058,6.18973,142.18362,0.11967,38.31274,4093.06567,115.20097
38000,0.57257,0.29229,-0.64990,-0.66516,0.00226,0.00023,9.71887,0.00058,5.95739,376.44153,0.11967,35.49051,3359.09961,115.20097
38000,0.09910,0.83383,0.75077,0.73575,0.05569,0.00023,246.85434,0.00058,5.52210,208.58382,0.11967,30.49354,3162.56934,115.20097
38000,0.12713,0.64364,0.14211,0.15555,0.01901,0.00018,105.36627,0.00058,5.50563,231.60461,0.11967,30.31201,2041.49658,115.20097
38000,0.06206,0.47047,0.91896,0.92520,0.01784,0.00004,457.15430,0.00058,5.52575,250.72903,0.11967,30.53395,1713.43616,115.20097
38000,0.38038,0.14014,-0.79786,-0.78406,0.21320,0.00019,1118.87585,0.00058,5.46793,270.57471,0.11967,29.89828,2427.72168,115.20097
38000,0.38438,0.30030,-0.31795,-0.33050,0.18906,0.00016,1200.83032,0.00058,5.91211,196.05327,0.11967,34.95308,5064.50244,115.20097
38000,0.25025,0.16917,0.42413,0.39463,0.02568,0.00087,29.49615,0.00058,5.73216,235.47116,0.11967,32.85766,1336.05103,115.20097
38000,0.26026,0.44244,-0.38336,-0.38603,0.07478,0.00001,10447.25098,0.00058,5.77440,242.03528,0.11967,33.34369,2462.14771,115.20097
38000,0.93293,0.44244,0.93554,0.96952,0.00034,0.00115,0.29402,0.00058,6.06669,289.16864,0.11967,36.80469,5719.53027,115.20097
38000,0.98098,0.71672,0.95182,0.97331,0.12024,0.00046,260.36105,0.00058,8.53442,409.12704,0.11967,72.83634,12350.51953,115.20097
38000,0.23824,0.98298,-0.09756,-0.10707,0.16502,0.00009,1823.44263,0.00058,6.81802,324.70599,0.11967,46.48544,5523.68555,115.20097
38000,0.67768,0.90691,-0.01406,-0.01047,0.02229,0.00001,1731.15112,0.00058,6.49935,202.53300,0.11967,42.24157,2637.52759,115.20097
40000,0.15115,0.79379,0.55817,0.54228,0.00925,0.00025,36.62286,0.00056,5.92090,161.11786,0.08150,35.05700,4564.97559,116.06792
40000,0.31331,0.09610,-0.12474,-0.12332,0.00327,0.00000,1632.67383,0.00056,6.55360,223.23416,0.08150,42.94967,4694.85889,116.06792
40000,0.05405,0.08108,0.32728,0.30354,0.00493,0.00056,8.75403,0.00056,6.25285,223.88338,0.08150,39.09819,4221.35352,116.06792
40000,0.35235,0.63664,-0.96194,-0.96763,0.02515,0.00003,776.77155,0.00056,6.18384,308.50021,0.08150,38.23984,2228.95850,116.06792
40000,0.03403,0.91091,-0.02519,-0.02931,0.02748,0.00002,1615.33618,0.00056,5.80893,190.06735,0.08150,33.74366,4477.82227,116.06792
40000,0.94795,0.34535,0.71652,0.68030,0.00118,0.00131,0.90026,0.00056,7.15761,303.32672,0.08150,51.23138,6801.20361,116.06792
40000,0.63063,0.60260,-1.12207,-1.09880,0.06380,0.00054,117.79297,0.00056,6.44522,326.51810,0.08150,41.54082,6151.78223,116.06792
40000,0.44144,0.75275,-0.65576,-0.66849,0.00089,0.00016,5.48473,0.00056,5.76655,248.38885,0.08150,33.25306,4858.72266,116.06792
40000,0.21121,0.14214,0.37836,0.37950,0.03066,0.00000,23697.33008,0.00056,5.68870,218.02544,0.08150,32.36128,2415.12280,116.06792
40000,0.37037,0.47948,-0.55817,-0.54590,0.00513,0.00015,34.10437,0.00056,6.58675,123.80946,0.08150,43.38528,7250.50439,116.06792
40000,0.17518,0.61161,0.27518,0.27185,0.00230,0.00001,206.86330,0.00056,5.60070,96.36542,0.08150,31.36785,4995.18799,116.06792
40000,0.32232,0.58058,-0.52858,-0.53881,0.00387,0.00010,36.97424,0.00056,7.09442,244.41072,0.08150,50.33086,7462.11328,116.06792
40000,0.22823,0.89089,-0.37268,-0.36568,0.04532,0.00005,925.47675,0.00056,5.91845,256.11676,0.08150,35.02803,2963.50732,116.06792
40000,0.41742,0.93493,0.00012,0.02583,0.00036,0.00066,0.55135,0.00056,6.39804,212.99294,0.08150,40.93492,2863.10645,116.06792
40000,0.64665,0.08709,-0.54356,-0.54116,0.02068,0.00001,3600.05981,0.00056,6.74996,288.95557,0.08150,45.56200,7939.47217,116.06792
40000,0.86887,0.07107,-0.23447,-0.16017,0.09680,0.00552,17.53327,0.00056,6.29416,146.11694,0.08150,39.61651,4755.36182,116.06792
40000,0.99700,0.27027,0.62491,0.62660,0.00309,0.00000,1077.74536,0.00056,6.18447,55.46381,0.08150,38.24772,2423.62939,116.06792
40000,0.20821,0.28829,0.08918,0.10910,0.00738,0.00040,18.61016,0.00056,6.05728,256.77054,0.08150,36.69062,2148.51782,116.06792
40000,0.65566,0.20921,-0.51728,-0.48626,0.02372,0.00096,24.64443,0.00056,6.89474,236.21820,0.08150,47.53738,14411.41699,116.06792
40000,0.95896,0.33834,0.61488,0.60217,0.00066,0.00016,4.07720,0.00056,6.44516,324.77026,0.08150,41.54005,4649.92676,116.06792
40000,0.10410,0.78278,0.67371,0.67149,0.00429,0.00000,865.60657,0.00056,5.58379,186.32330,0.08150,31.17869,3571.25439,116.06792
40000,0.31431,0.24725,-0.27640,-0.29639,0.01289,0.00040,32.25507,0.00056,5.55914,244.95187,0.08150,30.90405,2201.43433,116.06792
40000,0.58058,0.56957,-1.02208,-1.02034,0.00741,0.00000,2448.65210,0.00056,6.05505,228.93016,0.08150,36.66359,2302.33984,116.06792
40000,0.78378,0.72773,0.25028,0.27152,0.01915,0.00045,42.46059,0.00056,6.18534,224.12511,0.08150,38.25841,2707.04150,116.06792
40000,0.40941,0.10110,-0.57294,-0.56977,0.04158,0.00001,4133.80811,0.00056,6.17778,237.48749,0.08150,38.16494,3755.29492,116.06792
40000,0.98198,0.13013,0.84365,0.82014,0.58198,0.00055,1052.92480,0.00056,6.71633,365.89554,0.08150,45.10907,6956.51172,116.06792
40000,0.48248,0.10711,0.11276,0.08333,0.06102,0.00087,70.43797,0.00056,5.49624,238.26176,0.08150,30.20871,2542.80859,116.06792
40000,0.15115,0.40541,0.92370,0.92572,0.01911,0.00000,4705.65723,0.00056,6.23856,266.66281,0.08150,38.91969,2843.59790,116.06792
40000,0.02102,0.68468,1.14502,1.14233,0.00115,0.00001,158.41183,0.00056,6.35228,223.17931,0.08150,40.35151,3655.12207,116.06792
40000,0.69269,0.32232,-0.35019,-0.33783,0.00018,0.00015,1.16592,0.00056,6.01662,121.50522,0.08150,36.19971,3861.37622,116.06792
40000,0.10310,0.06206,-0.14520,-0.12319,0.00513,0.00048,10.59216,0.00056,5.61423,178.81836,0.08150,31.51956,3084.55957,116.06792
40000,0.44044,0.61461,-0.83450,-0.83392,0.00324,0.00000,9593.35156,0.00056,7.04143,137.67308,0.08150,49.58178,14468.89941,116.06792
